,auth_dt,state_name,purchase_category_nm,online_part,online_regarding_avg,offline_regarding_avg,total_regarding_avg,coronaindex,day,month,year
726153,06-09-2021,Республика Бурятия,АРЕНДА АВТО,50.0,428.0,248.56,314.0,7.6,6,9,2021
804621,10-09-2021,Республика Бурятия,КНИГИ,4.0,163.0,643.98,576.0,10.0,10,9,2021
814786,27-09-2021,Республика Бурятия,АРЕНДА АВТО,16.67,209.0,606.64,460.0,4.1,27,9,2021
832020,24-09-2021,Республика Бурятия,КИНО,22.22,1531.0,139.51,175.0,4.1,24,9,2021
858161,04-09-2021,Республика Бурятия,ОБРАЗОВАНИЕ,52.38,230.0,193.91,211.0,10.0,4,9,2021
863399,06-09-2021,Республика Бурятия,АВИАБИЛЕТЫ,50.86,76.0,68.07,72.0,2.8,6,9,2021
873177,14-09-2021,Республика Бурятия,ФОТО/ВИДЕО,66.67,287.0,300.8,291.0,10.0,14,9,2021
893756,12-09-2021,Республика Бурятия,DUTY FREE,0.0,,63.41,63.0,0.8,12,9,2021
913780,09-09-2021,Республика Бурятия,КРАСОТА,11.11,72.0,232.81,187.0,10.0,9,9,2021
922389,05-09-2021,Республика Бурятия,МУЗЫКА,0.0,0.0,105.57,54.0,3.8,5,9,2021
929441,12-09-2021,Республика Бурятия,АПТЕКИ,0.0,0.0,229.08,229.0,9.1,12,9,2021
976028,03-09-2021,Республика Бурятия,СУВЕНИРЫ,0.0,0.0,186.56,177.0,5.3,3,9,2021
1148215,08-09-2021,Республика Бурятия,ЧАСТНЫЕ УСЛУГИ,40.0,62.0,232.07,111.0,6.8,8,9,2021
1195886,26-09-2021,Республика Бурятия,СПОРТТОВАРЫ,1.3,162.0,342.16,337.0,6.5,26,9,2021
1205055,14-09-2021,Республика Бурятия,РЕСТОРАНЫ,0.79,154.0,169.64,170.0,9.1,14,9,2021
1207478,07-09-2021,Республика Бурятия,ФАСТФУД,4.35,1966.0,316.33,328.0,10.0,7,9,2021
1217554,07-09-2021,Республика Бурятия,ЧАСТНЫЕ УСЛУГИ,61.54,249.0,387.47,289.0,8.7,7,9,2021
1223216,10-09-2021,Республика Бурятия,АПТЕКИ,0.0,0.0,324.15,324.0,9.6,10,9,2021
1224937,21-09-2021,Республика Бурятия,КНИГИ,5.88,161.0,423.9,387.0,10.0,21,9,2021
1273105,15-09-2021,Республика Бурятия,СЕРВИС. УСЛУГИ,17.71,124.0,699.51,384.0,10.0,15,9,2021
1275277,30-09-2021,Республика Бурятия,ФОТО/ВИДЕО,0.0,0.0,1627.33,526.0,10.0,30,9,2021
1296524,26-09-2021,Республика Бурятия,СЕРВИС. УСЛУГИ,44.44,202.0,306.94,249.0,8.4,26,9,2021
1308148,21-09-2021,Республика Бурятия,ОТЕЛИ,53.13,884.0,193.89,331.0,9.3,21,9,2021
1308151,26-09-2021,Республика Бурятия,ФОТО/ВИДЕО,0.0,0.0,742.99,240.0,6.6,26,9,2021
1324302,05-09-2021,Республика Бурятия,ТОПЛИВО,0.41,,233.31,234.0,8.3,5,9,2021
1330014,11-09-2021,Республика Бурятия,DUTY FREE,0.0,,634.32,634.0,3.1,11,9,2021
1333029,07-09-2021,Республика Бурятия,МЕД. УСЛУГИ,1.25,905.0,280.46,283.0,10.0,7,9,2021
1335060,23-09-2021,Республика Бурятия,МУЗЫКА,33.33,55.0,103.14,80.0,4.2,23,9,2021
1356405,01-09-2021,Республика Бурятия,"ДОМ, РЕМОНТ",8.66,454.0,286.58,296.0,9.1,1,9,2021
1364992,03-09-2021,Республика Бурятия,ФОТО/ВИДЕО,0.0,0.0,457.69,148.0,10.0,3,9,2021
1386191,29-09-2021,Республика Бурятия,Ж/Д БИЛЕТЫ,69.57,115.0,74.97,99.0,7.5,29,9,2021
1395054,01-09-2021,Республика Бурятия,АРЕНДА АВТО,100.0,431.0,0.0,158.0,4.8,1,9,2021
1395365,13-09-2021,Республика Бурятия,СУПЕРМАРКЕТЫ,2.56,318.0,264.7,266.0,10.0,13,9,2021
1410866,01-09-2021,Республика Бурятия,ОБРАЗОВАНИЕ,33.33,462.0,856.94,667.0,10.0,1,9,2021
1414657,28-09-2021,Республика Бурятия,АРЕНДА АВТО,33.33,209.0,242.42,230.0,7.4,28,9,2021
1431196,05-09-2021,Республика Бурятия,КНИГИ,6.9,329.0,730.48,674.0,10.0,5,9,2021
1439675,22-09-2021,Республика Бурятия,СУВЕНИРЫ,16.67,582.0,151.76,173.0,5.2,22,9,2021
1442901,22-09-2021,Республика Бурятия,НКО,50.0,54.0,31.31,40.0,2.8,22,9,2021
1447919,25-09-2021,Республика Бурятия,ГОС. СБОРЫ,53.33,120.0,222.79,153.0,7.4,25,9,2021
1449011,11-09-2021,Республика Бурятия,ФАСТФУД,5.53,3421.0,427.04,449.0,10.0,11,9,2021
1455267,17-09-2021,Республика Бурятия,ЧАСТНЫЕ УСЛУГИ,85.71,184.0,76.39,153.0,6.5,17,9,2021
1463378,23-09-2021,Республика Бурятия,КРАСОТА,16.46,115.0,236.0,201.0,9.7,23,9,2021
1471259,04-09-2021,Республика Бурятия,ГОС. СБОРЫ,62.5,153.0,195.88,167.0,6.8,4,9,2021
1472817,19-09-2021,Республика Бурятия,ЖИВОТНЫЕ,0.0,0.0,296.56,293.0,8.3,19,9,2021
1473204,26-09-2021,Республика Бурятия,АВИАБИЛЕТЫ,36.87,83.0,131.85,108.0,3.5,26,9,2021
1476279,07-09-2021,Республика Бурятия,РЕСТОРАНЫ,0.0,0.0,186.2,185.0,8.3,7,9,2021
1476757,26-09-2021,Республика Бурятия,ЦВЕТЫ,8.7,1247.0,479.13,506.0,1.9,26,9,2021
1483348,08-09-2021,Республика Бурятия,РАЗВЛЕЧЕНИЯ,70.75,423.0,286.68,371.0,9.0,8,9,2021
1483351,18-09-2021,Республика Бурятия,АВТО УСЛУГИ,3.52,207.0,301.46,297.0,8.8,18,9,2021
1491657,06-09-2021,Республика Бурятия,АВТО УСЛУГИ,9.09,500.0,265.87,278.0,8.1,6,9,2021
1492516,08-09-2021,Республика Бурятия,АПТЕКИ,0.0,0.0,291.43,291.0,10.0,8,9,2021
1504522,18-09-2021,Республика Бурятия,"ОДЕЖДА, ОБУВЬ",6.68,533.0,277.77,287.0,8.9,18,9,2021
1528398,18-09-2021,Республика Бурятия,ФОТО/ВИДЕО,0.0,0.0,448.8,145.0,9.7,18,9,2021
1534148,17-09-2021,Республика Бурятия,МЕД. УСЛУГИ,0.98,893.0,353.43,356.0,10.0,17,9,2021
1534293,09-09-2021,Республика Бурятия,ИСКУССТВО,,0.0,0.0,0.0,2.5,9,9,2021
1537015,12-09-2021,Республика Бурятия,ТУРАГЕНТСТВА,29.63,81.0,98.71,93.0,6.1,12,9,2021
1537908,20-09-2021,Республика Бурятия,ТОПЛИВО,0.36,,261.18,262.0,8.9,20,9,2021
1563646,01-09-2021,Республика Бурятия,СУВЕНИРЫ,0.0,0.0,218.39,208.0,6.1,1,9,2021
1571083,22-09-2021,Республика Бурятия,"ОДЕЖДА, ОБУВЬ",8.4,514.0,209.35,220.0,7.6,22,9,2021
1580166,17-09-2021,Республика Бурятия,КРАСОТА,20.48,152.0,237.32,213.0,9.8,17,9,2021
1585565,08-09-2021,Республика Бурятия,КРАСОТА,13.98,117.0,291.32,241.0,10.0,8,9,2021
1592132,01-09-2021,Республика Бурятия,КИНО,14.29,788.0,123.17,140.0,3.8,1,9,2021
1598269,03-09-2021,Республика Бурятия,РАЗВЛЕЧЕНИЯ,60.98,284.0,297.9,289.0,10.0,3,9,2021
1598941,10-09-2021,Республика Бурятия,НКО,57.14,73.0,31.76,47.0,2.8,10,9,2021
1599800,29-09-2021,Республика Бурятия,DUTY FREE,0.0,,248.96,249.0,2.6,29,9,2021
1605304,27-09-2021,Республика Бурятия,ЧАСТНЫЕ УСЛУГИ,77.78,213.0,151.56,196.0,5.9,27,9,2021
1615398,06-09-2021,Республика Бурятия,ИСКУССТВО,,0.0,0.0,0.0,0.2,6,9,2021
1617630,18-09-2021,Республика Бурятия,СПОРТТОВАРЫ,4.84,489.0,267.42,273.0,7.7,18,9,2021
1624258,08-09-2021,Республика Бурятия,DUTY FREE,0.0,,254.77,255.0,0.8,8,9,2021
1624259,09-09-2021,Республика Бурятия,СУВЕНИРЫ,0.0,0.0,154.27,147.0,4.8,9,9,2021
1624261,16-09-2021,Республика Бурятия,АПТЕКИ,0.0,0.0,300.28,300.0,10.0,16,9,2021
1627678,25-09-2021,Республика Бурятия,АПТЕКИ,0.0,0.0,225.57,225.0,9.1,25,9,2021
1630099,20-09-2021,Республика Бурятия,"СВЯЗЬ, ТЕЛЕКОМ",30.12,309.0,310.36,310.0,10.0,20,9,2021
1631167,02-09-2021,Республика Бурятия,АПТЕКИ,0.0,0.0,275.36,275.0,9.9,2,9,2021
1642955,29-09-2021,Республика Бурятия,МЕД. УСЛУГИ,3.36,4416.0,498.67,514.0,10.0,29,9,2021
1644536,27-09-2021,Республика Бурятия,"ОДЕЖДА, ОБУВЬ",10.55,769.0,243.38,262.0,7.2,27,9,2021
1652240,25-09-2021,Республика Бурятия,СУВЕНИРЫ,0.0,0.0,211.97,201.0,5.9,25,9,2021
1655783,14-09-2021,Республика Бурятия,ЦВЕТЫ,45.0,5681.0,254.02,446.0,1.6,14,9,2021
1657406,05-09-2021,Республика Бурятия,ЦВЕТЫ,7.69,639.0,280.67,293.0,1.3,5,9,2021
1659475,23-09-2021,Республика Бурятия,АРЕНДА АВТО,66.67,419.0,121.62,231.0,5.8,23,9,2021
1669116,02-09-2021,Республика Бурятия,"СВЯЗЬ, ТЕЛЕКОМ",35.56,202.0,158.8,172.0,10.0,2,9,2021
1669126,18-09-2021,Республика Бурятия,АПТЕКИ,0.0,0.0,260.42,260.0,9.3,18,9,2021
1675241,15-09-2021,Республика Бурятия,КРАСОТА,19.28,143.0,241.53,213.0,10.0,15,9,2021
1683033,06-09-2021,Республика Бурятия,ФОТО/ВИДЕО,16.67,73.0,760.39,295.0,10.0,6,9,2021
1687689,20-09-2021,Республика Бурятия,DUTY FREE,0.0,,125.55,126.0,3.0,20,9,2021
1688027,13-09-2021,Республика Бурятия,"СВЯЗЬ, ТЕЛЕКОМ",24.53,162.0,215.93,200.0,10.0,13,9,2021
1688754,10-09-2021,Республика Бурятия,ОБРАЗОВАНИЕ,30.3,207.0,442.08,329.0,10.0,10,9,2021
1692363,19-09-2021,Республика Бурятия,РЕСТОРАНЫ,1.25,305.0,211.58,212.0,7.5,19,9,2021
1695284,02-09-2021,Республика Бурятия,ЦВЕТЫ,7.14,641.0,305.1,317.0,1.2,2,9,2021
1695291,16-09-2021,Республика Бурятия,"СВЯЗЬ, ТЕЛЕКОМ",37.25,235.0,171.78,191.0,10.0,16,9,2021
1697560,04-09-2021,Республика Бурятия,СУВЕНИРЫ,11.11,596.0,248.49,266.0,7.0,4,9,2021
1698634,06-09-2021,Республика Бурятия,КИНО,16.67,783.0,101.97,119.0,3.5,6,9,2021
1699012,20-09-2021,Республика Бурятия,МЕД. УСЛУГИ,0.94,891.0,366.73,369.0,10.0,20,9,2021
1705941,07-09-2021,Республика Бурятия,АРЕНДА АВТО,27.27,641.0,992.58,863.0,5.9,7,9,2021
1708914,29-09-2021,Республика Бурятия,ОТЕЛИ,49.33,637.0,162.55,257.0,7.4,29,9,2021
1710146,22-09-2021,Республика Бурятия,ФАСТФУД,5.64,2652.0,324.4,341.0,10.0,22,9,2021
1711206,28-09-2021,Республика Бурятия,КРАСОТА,27.27,186.0,199.57,196.0,8.7,28,9,2021
1711359,03-09-2021,Республика Бурятия,"ОДЕЖДА, ОБУВЬ",9.76,675.0,232.89,249.0,8.4,3,9,2021
1715355,06-09-2021,Республика Бурятия,МЕД. УСЛУГИ,7.48,7256.0,352.05,379.0,10.0,6,9,2021
1715796,01-09-2021,Республика Бурятия,ТРАНСПОРТ,41.46,310.0,303.43,306.0,10.0,1,9,2021
1719875,24-09-2021,Республика Бурятия,"СВЯЗЬ, ТЕЛЕКОМ",25.49,160.0,202.32,189.0,9.6,24,9,2021
1722863,25-09-2021,Республика Бурятия,ТОПЛИВО,0.39,,239.9,241.0,8.8,25,9,2021
1725245,03-09-2021,Республика Бурятия,КНИГИ,3.23,165.0,812.9,721.0,10.0,3,9,2021
1727498,03-09-2021,Республика Бурятия,МЕД. УСЛУГИ,6.16,8189.0,488.73,519.0,10.0,3,9,2021
1727504,12-09-2021,Республика Бурятия,КИНО,16.67,1554.0,202.35,237.0,5.8,12,9,2021
1731440,26-09-2021,Республика Бурятия,ГОС. СБОРЫ,81.25,194.0,95.49,163.0,3.7,26,9,2021
1735397,23-09-2021,Республика Бурятия,СЕРВИС. УСЛУГИ,15.28,80.0,535.76,286.0,10.0,23,9,2021
1735490,11-09-2021,Республика Бурятия,ЧАСТНЫЕ УСЛУГИ,36.36,124.0,539.29,243.0,5.8,11,9,2021
1739242,29-09-2021,Республика Бурятия,ФОТО/ВИДЕО,0.0,0.0,592.39,191.0,10.0,29,9,2021
1740375,08-09-2021,Республика Бурятия,Ж/Д БИЛЕТЫ,80.77,155.0,54.8,115.0,10.0,8,9,2021
1740931,01-09-2021,Республика Бурятия,НКО,75.0,139.0,26.82,68.0,3.0,1,9,2021
1740935,18-09-2021,Республика Бурятия,ЧАСТНЫЕ УСЛУГИ,71.43,154.0,152.72,153.0,6.7,18,9,2021
1745002,26-09-2021,Республика Бурятия,ТОПЛИВО,0.0,,225.7,226.0,8.5,26,9,2021
1747669,23-09-2021,Республика Бурятия,"ДОМ, РЕМОНТ",5.97,270.0,255.17,256.0,8.5,23,9,2021
1755643,28-09-2021,Республика Бурятия,ТУРАГЕНТСТВА,22.37,168.0,301.3,256.0,9.5,28,9,2021
1759472,10-09-2021,Республика Бурятия,ТОПЛИВО,0.34,,281.52,282.0,9.8,10,9,2021
1764628,10-09-2021,Республика Бурятия,МЕД. УСЛУГИ,2.61,2703.0,395.65,405.0,10.0,10,9,2021
1766165,25-09-2021,Республика Бурятия,ЧАСТНЫЕ УСЛУГИ,78.57,336.0,227.53,305.0,7.8,25,9,2021
1770330,09-09-2021,Республика Бурятия,МУЗЫКА,0.0,0.0,209.85,108.0,4.3,9,9,2021
1770340,28-09-2021,Республика Бурятия,СПОРТТОВАРЫ,6.38,485.0,197.73,205.0,5.0,28,9,2021
1770640,16-09-2021,Республика Бурятия,СУПЕРМАРКЕТЫ,2.66,327.0,262.03,263.0,10.0,16,9,2021
1772805,10-09-2021,Республика Бурятия,ФОТО/ВИДЕО,0.0,0.0,2719.38,878.0,10.0,10,9,2021
1774523,29-09-2021,Республика Бурятия,СПОРТТОВАРЫ,8.11,484.0,152.56,162.0,4.0,29,9,2021
1775340,06-09-2021,Республика Бурятия,"СВЯЗЬ, ТЕЛЕКОМ",39.73,365.0,239.72,278.0,10.0,6,9,2021
1775343,21-09-2021,Республика Бурятия,ГОС. СБОРЫ,63.33,285.0,351.48,306.0,10.0,21,9,2021
1777475,17-09-2021,Республика Бурятия,ГОС. СБОРЫ,66.67,271.0,288.5,276.0,10.0,17,9,2021
1780437,03-09-2021,Республика Бурятия,ЖИВОТНЫЕ,0.0,0.0,268.85,265.0,9.2,3,9,2021
1782003,16-09-2021,Республика Бурятия,МУЗЫКА,0.0,0.0,103.85,53.0,3.1,16,9,2021
1784228,30-09-2021,Республика Бурятия,КИНО,21.43,2286.0,218.22,271.0,7.1,30,9,2021
1790640,14-09-2021,Республика Бурятия,DUTY FREE,,,0.0,0.0,0.8,14,9,2021
1793570,22-09-2021,Республика Бурятия,ОТЕЛИ,28.85,260.0,159.17,179.0,8.4,22,9,2021
1798397,12-09-2021,Республика Бурятия,"ОДЕЖДА, ОБУВЬ",6.23,554.0,311.17,320.0,8.7,12,9,2021
1798702,21-09-2021,Республика Бурятия,ТОПЛИВО,0.38,,251.32,252.0,9.0,21,9,2021
1803428,01-09-2021,Республика Бурятия,СПОРТТОВАРЫ,2.56,167.0,176.24,176.0,5.8,1,9,2021
1804548,26-09-2021,Республика Бурятия,"ДОМ, РЕМОНТ",8.39,384.0,250.97,258.0,7.0,26,9,2021
1811142,27-09-2021,Республика Бурятия,КРАСОТА,19.32,151.0,253.28,224.0,8.9,27,9,2021
1813605,25-09-2021,Республика Бурятия,МУЗЫКА,0.0,0.0,102.98,53.0,4.2,25,9,2021
1814010,16-09-2021,Республика Бурятия,ГОС. СБОРЫ,62.07,271.0,353.07,297.0,9.3,16,9,2021
1814382,11-09-2021,Республика Бурятия,РАЗВЛЕЧЕНИЯ,62.5,309.0,303.93,307.0,10.0,11,9,2021
1815779,14-09-2021,Республика Бурятия,ОБРАЗОВАНИЕ,45.45,516.0,574.04,546.0,10.0,14,9,2021
1817893,01-09-2021,Республика Бурятия,ОТЕЛИ,21.95,160.0,141.49,145.0,6.6,1,9,2021
1819253,18-09-2021,Республика Бурятия,МУЗЫКА,0.0,0.0,155.52,80.0,5.4,18,9,2021
1823553,18-09-2021,Республика Бурятия,СУВЕНИРЫ,0.0,0.0,182.93,174.0,5.3,18,9,2021
1825280,07-09-2021,Республика Бурятия,КРАСОТА,50.88,525.0,204.29,296.0,10.0,7,9,2021
1826540,15-09-2021,Республика Бурятия,НКО,77.78,190.0,31.54,90.0,2.8,15,9,2021
1834805,15-09-2021,Республика Бурятия,СПОРТТОВАРЫ,3.57,163.0,122.73,124.0,6.2,15,9,2021
1835971,24-09-2021,Республика Бурятия,ГОС. СБОРЫ,69.7,344.0,318.35,336.0,9.4,24,9,2021
1835973,27-09-2021,Республика Бурятия,ОБРАЗОВАНИЕ,51.11,469.0,415.56,441.0,10.0,27,9,2021
1839293,19-09-2021,Республика Бурятия,ФАСТФУД,6.44,3148.0,334.69,355.0,10.0,19,9,2021
1839817,29-09-2021,Республика Бурятия,ОБРАЗОВАНИЕ,38.71,244.0,358.0,303.0,10.0,29,9,2021
1840375,05-09-2021,Республика Бурятия,СЕРВИС. УСЛУГИ,37.74,148.0,296.67,215.0,7.3,5,9,2021
1849590,17-09-2021,Республика Бурятия,ОБРАЗОВАНИЕ,55.17,657.0,495.04,573.0,10.0,17,9,2021
1855030,22-09-2021,Республика Бурятия,АПТЕКИ,0.0,0.0,328.6,328.0,10.0,22,9,2021
1856746,18-09-2021,Республика Бурятия,НКО,50.0,54.0,31.45,40.0,3.0,18,9,2021
1858281,09-09-2021,Республика Бурятия,"ДОМ, РЕМОНТ",7.7,492.0,353.2,361.0,9.5,9,9,2021
1861142,15-09-2021,Республика Бурятия,СУВЕНИРЫ,20.0,586.0,122.31,145.0,4.0,15,9,2021
1863924,17-09-2021,Республика Бурятия,ФОТО/ВИДЕО,42.86,214.0,598.61,338.0,10.0,17,9,2021
1864227,20-09-2021,Республика Бурятия,ИСКУССТВО,0.0,0.0,10448.94,4702.0,1.3,20,9,2021
1871782,30-09-2021,Республика Бурятия,АВИАБИЛЕТЫ,44.59,124.0,142.88,134.0,2.8,30,9,2021
1874040,05-09-2021,Республика Бурятия,АВИАБИЛЕТЫ,55.81,93.0,68.18,80.0,2.5,5,9,2021
1876113,12-09-2021,Республика Бурятия,СЕРВИС. УСЛУГИ,26.19,81.0,276.07,169.0,7.9,12,9,2021
1878042,15-09-2021,Республика Бурятия,"СВЯЗЬ, ТЕЛЕКОМ",21.67,161.0,252.62,225.0,10.0,15,9,2021
1878287,27-09-2021,Республика Бурятия,МЕД. УСЛУГИ,0.8,885.0,430.48,432.0,10.0,27,9,2021
1881439,14-09-2021,Республика Бурятия,СУВЕНИРЫ,0.0,0.0,122.61,117.0,5.6,14,9,2021
1885579,27-09-2021,Республика Бурятия,ГОС. СБОРЫ,38.89,209.0,699.65,366.0,10.0,27,9,2021
1886851,02-09-2021,Республика Бурятия,ФАСТФУД,5.42,2722.0,347.42,365.0,10.0,2,9,2021
1887244,16-09-2021,Республика Бурятия,ТРАНСПОРТ,35.56,285.0,358.9,329.0,10.0,16,9,2021
1892132,01-09-2021,Республика Бурятия,АВИАБИЛЕТЫ,46.71,92.0,97.36,95.0,3.4,1,9,2021
1892572,23-09-2021,Республика Бурятия,ГОС. СБОРЫ,86.96,599.0,191.27,468.0,9.7,23,9,2021
1897568,11-09-2021,Республика Бурятия,ТУРАГЕНТСТВА,48.04,493.0,275.43,350.0,7.3,11,9,2021
1902695,12-09-2021,Республика Бурятия,СУВЕНИРЫ,0.0,0.0,184.51,175.0,5.4,12,9,2021
1903683,16-09-2021,Республика Бурятия,ИСКУССТВО,,0.0,0.0,0.0,2.5,16,9,2021
1903943,19-09-2021,Республика Бурятия,ТОПЛИВО,0.38,,248.2,249.0,8.6,19,9,2021
1907119,01-09-2021,Республика Бурятия,DUTY FREE,0.0,,64.33,64.0,0.8,1,9,2021
1909793,03-09-2021,Республика Бурятия,МУЗЫКА,0.0,0.0,105.73,54.0,5.0,3,9,2021
1910224,16-09-2021,Республика Бурятия,"ОДЕЖДА, ОБУВЬ",10.1,679.0,225.72,242.0,7.5,16,9,2021
1918662,23-09-2021,Республика Бурятия,ФАСТФУД,5.47,2650.0,334.73,352.0,10.0,23,9,2021
1922162,01-09-2021,Республика Бурятия,ТУРАГЕНТСТВА,57.69,153.0,57.98,90.0,5.6,1,9,2021
1925865,17-09-2021,Республика Бурятия,ТУРАГЕНТСТВА,42.11,319.0,226.72,258.0,10.0,17,9,2021
1925866,18-09-2021,Республика Бурятия,АВИАБИЛЕТЫ,36.22,58.0,95.15,77.0,2.6,18,9,2021
1927394,05-09-2021,Республика Бурятия,НКО,28.57,37.0,53.37,47.0,2.6,5,9,2021
1927952,29-09-2021,Республика Бурятия,ЖИВОТНЫЕ,0.0,0.0,293.61,290.0,9.3,29,9,2021
1928939,18-09-2021,Республика Бурятия,АРЕНДА АВТО,50.0,210.0,122.26,155.0,6.9,18,9,2021
1930010,30-09-2021,Республика Бурятия,АВТО УСЛУГИ,6.64,486.0,363.45,370.0,9.1,30,9,2021
1932420,10-09-2021,Республика Бурятия,РЕСТОРАНЫ,0.0,0.0,270.49,268.0,9.8,10,9,2021
1932736,11-09-2021,Республика Бурятия,КРАСОТА,46.62,558.0,257.49,344.0,10.0,11,9,2021
1933240,28-09-2021,Республика Бурятия,АПТЕКИ,0.0,0.0,312.24,312.0,10.0,28,9,2021
1934581,19-09-2021,Республика Бурятия,НКО,60.0,54.0,20.97,33.0,2.9,19,9,2021
1938509,21-09-2021,Республика Бурятия,РАЗВЛЕЧЕНИЯ,59.42,227.0,254.87,238.0,9.9,21,9,2021
1938777,01-09-2021,Республика Бурятия,"СВЯЗЬ, ТЕЛЕКОМ",27.69,228.0,257.75,249.0,10.0,1,9,2021
1939009,18-09-2021,Республика Бурятия,ИСКУССТВО,,0.0,0.0,0.0,4.8,18,9,2021
1939089,12-09-2021,Республика Бурятия,МУЗЫКА,60.0,167.0,104.58,135.0,5.5,12,9,2021
1942454,21-09-2021,Республика Бурятия,ИСКУССТВО,0.0,0.0,7826.34,3522.0,2.5,21,9,2021
1942523,20-09-2021,Республика Бурятия,КНИГИ,4.17,161.0,610.16,547.0,10.0,20,9,2021
1944399,15-09-2021,Республика Бурятия,СУПЕРМАРКЕТЫ,2.59,317.0,260.21,261.0,10.0,15,9,2021
1944480,06-09-2021,Республика Бурятия,ЧАСТНЫЕ УСЛУГИ,50.0,94.0,232.87,134.0,6.1,6,9,2021
1945864,12-09-2021,Республика Бурятия,АРЕНДА АВТО,50.0,212.0,123.31,156.0,9.8,12,9,2021
1946880,28-09-2021,Республика Бурятия,МЕД. УСЛУГИ,0.0,0.0,374.56,373.0,10.0,28,9,2021
1946972,06-09-2021,Республика Бурятия,"ОДЕЖДА, ОБУВЬ",12.06,837.0,227.85,250.0,8.0,6,9,2021
1948961,13-09-2021,Республика Бурятия,МЕД. УСЛУГИ,0.88,899.0,394.63,397.0,10.0,13,9,2021
1949053,14-09-2021,Республика Бурятия,ИСКУССТВО,,0.0,0.0,0.0,4.8,14,9,2021
1950197,24-09-2021,Республика Бурятия,ОБРАЗОВАНИЕ,29.09,326.0,737.43,540.0,10.0,24,9,2021
1950963,13-09-2021,Республика Бурятия,ОТЕЛИ,15.28,193.0,265.5,251.0,8.2,13,9,2021
1951669,19-09-2021,Республика Бурятия,ТРАНСПОРТ,57.14,356.0,185.32,255.0,10.0,19,9,2021
1952506,20-09-2021,Республика Бурятия,Ж/Д БИЛЕТЫ,77.78,102.0,43.2,78.0,10.0,20,9,2021
1955051,14-09-2021,Республика Бурятия,ТОПЛИВО,0.0,,251.47,251.0,8.4,14,9,2021
1955574,03-09-2021,Республика Бурятия,РЕСТОРАНЫ,0.52,156.0,259.49,259.0,9.7,3,9,2021
1956053,13-09-2021,Республика Бурятия,ЧАСТНЫЕ УСЛУГИ,40.0,124.0,461.48,221.0,5.0,13,9,2021
1958719,04-09-2021,Республика Бурятия,"ДОМ, РЕМОНТ",4.48,313.0,399.63,395.0,9.7,4,9,2021
1963057,08-09-2021,Республика Бурятия,СПОРТТОВАРЫ,10.26,661.0,160.71,174.0,5.4,8,9,2021
1964002,20-09-2021,Республика Бурятия,ТРАНСПОРТ,15.38,284.0,1085.6,757.0,10.0,20,9,2021
1965094,06-09-2021,Республика Бурятия,АПТЕКИ,0.0,0.0,277.05,277.0,10.0,6,9,2021
1966541,19-09-2021,Республика Бурятия,DUTY FREE,0.0,,62.87,63.0,2.6,19,9,2021
1969229,18-09-2021,Республика Бурятия,"ДОМ, РЕМОНТ",6.65,351.0,294.63,298.0,8.6,18,9,2021
1970709,23-09-2021,Республика Бурятия,Ж/Д БИЛЕТЫ,69.57,116.0,75.33,100.0,10.0,23,9,2021
1973625,14-09-2021,Республика Бурятия,АВТО УСЛУГИ,6.33,494.0,388.86,394.0,9.1,14,9,2021
1976331,14-09-2021,Республика Бурятия,НКО,58.82,91.0,36.89,57.0,3.0,14,9,2021
1976969,17-09-2021,Республика Бурятия,СУПЕРМАРКЕТЫ,2.06,294.0,306.02,306.0,10.0,17,9,2021
1977453,09-09-2021,Республика Бурятия,DUTY FREE,0.0,,190.87,191.0,0.4,9,9,2021
1978007,28-09-2021,Республика Бурятия,ОБРАЗОВАНИЕ,29.17,428.0,962.39,705.0,10.0,28,9,2021
1981216,30-09-2021,Республика Бурятия,РЕСТОРАНЫ,0.7,151.0,188.06,188.0,8.5,30,9,2021
1981425,15-09-2021,Республика Бурятия,ЦВЕТЫ,6.25,630.0,345.54,356.0,1.6,15,9,2021
1985187,05-09-2021,Республика Бурятия,"ДОМ, РЕМОНТ",12.76,634.0,259.45,281.0,7.6,5,9,2021
1985473,21-09-2021,Республика Бурятия,СПОРТТОВАРЫ,3.57,163.0,122.03,123.0,5.3,21,9,2021
1986698,27-09-2021,Республика Бурятия,ФОТО/ВИДЕО,40.0,142.0,445.4,240.0,10.0,27,9,2021
1991222,13-09-2021,Республика Бурятия,DUTY FREE,0.0,,253.31,253.0,3.5,13,9,2021
1991622,29-09-2021,Республика Бурятия,ТУРАГЕНТСТВА,15.83,188.0,515.01,404.0,9.5,29,9,2021
1991993,05-09-2021,Республика Бурятия,ОТЕЛИ,36.59,266.0,114.4,144.0,6.0,5,9,2021
2000132,24-09-2021,Республика Бурятия,НКО,82.61,170.0,20.83,76.0,3.3,24,9,2021
2001695,27-09-2021,Республика Бурятия,ОТЕЛИ,27.12,276.0,184.4,203.0,7.9,27,9,2021
2001923,04-09-2021,Республика Бурятия,НКО,66.67,129.0,37.38,71.0,2.5,4,9,2021
2001927,25-09-2021,Республика Бурятия,ТРАНСПОРТ,55.56,442.0,245.44,326.0,10.0,25,9,2021
2004503,05-09-2021,Республика Бурятия,"СВЯЗЬ, ТЕЛЕКОМ",20.29,176.0,300.14,263.0,10.0,5,9,2021
2005394,15-09-2021,Республика Бурятия,DUTY FREE,0.0,,63.05,63.0,-0.5,15,9,2021
2006336,19-09-2021,Республика Бурятия,АВИАБИЛЕТЫ,48.98,91.0,88.09,90.0,2.4,19,9,2021
2014484,27-09-2021,Республика Бурятия,ИСКУССТВО,,0.0,0.0,0.0,1.3,27,9,2021
2015310,27-09-2021,Республика Бурятия,СУВЕНИРЫ,0.0,0.0,151.29,144.0,4.4,27,9,2021
2015808,09-09-2021,Республика Бурятия,АПТЕКИ,0.0,0.0,278.87,279.0,10.0,9,9,2021
2015865,23-09-2021,Республика Бурятия,ТОПЛИВО,0.0,,252.63,253.0,8.9,23,9,2021
2015968,24-09-2021,Республика Бурятия,СЕРВИС. УСЛУГИ,29.03,195.0,578.9,368.0,10.0,24,9,2021
2017476,14-09-2021,Республика Бурятия,ТУРАГЕНТСТВА,28.23,351.0,460.87,423.0,10.0,14,9,2021
2019848,15-09-2021,Республика Бурятия,Ж/Д БИЛЕТЫ,77.42,175.0,75.94,135.0,10.0,15,9,2021
2029116,24-09-2021,Республика Бурятия,DUTY FREE,0.0,,312.29,312.0,3.0,24,9,2021
2029427,04-09-2021,Республика Бурятия,АВТО УСЛУГИ,9.18,501.0,263.64,276.0,8.8,4,9,2021
2030448,01-09-2021,Республика Бурятия,КНИГИ,5.8,661.0,1767.23,1611.0,10.0,1,9,2021
2030557,20-09-2021,Республика Бурятия,ЧАСТНЫЕ УСЛУГИ,15.63,153.0,2058.5,700.0,7.6,20,9,2021
2034025,05-09-2021,Республика Бурятия,ОБРАЗОВАНИЕ,40.63,272.0,368.23,322.0,10.0,5,9,2021
2034958,21-09-2021,Республика Бурятия,АВТО УСЛУГИ,9.09,542.0,288.24,301.0,8.1,21,9,2021
2035715,08-09-2021,Республика Бурятия,ОТЕЛИ,18.18,141.0,157.59,154.0,7.0,8,9,2021
2036103,21-09-2021,Республика Бурятия,СЕРВИС. УСЛУГИ,22.83,152.0,625.06,366.0,10.0,21,9,2021
2038817,03-09-2021,Республика Бурятия,ТУРАГЕНТСТВА,40.68,244.0,183.85,204.0,10.0,3,9,2021
2039180,05-09-2021,Республика Бурятия,РЕСТОРАНЫ,1.48,311.0,181.36,182.0,7.6,5,9,2021
2040131,26-09-2021,Республика Бурятия,КНИГИ,0.0,0.0,316.7,272.0,8.5,26,9,2021
2040963,07-09-2021,Республика Бурятия,ТУРАГЕНТСТВА,38.46,203.0,167.28,179.0,10.0,7,9,2021
2041433,22-09-2021,Республика Бурятия,ИСКУССТВО,,0.0,0.0,0.0,5.9,22,9,2021
2041436,28-09-2021,Республика Бурятия,МУЗЫКА,0.0,0.0,102.79,53.0,2.5,28,9,2021
2042698,07-09-2021,Республика Бурятия,ФОТО/ВИДЕО,33.33,72.0,303.65,147.0,10.0,7,9,2021
2043091,23-09-2021,Республика Бурятия,ОБРАЗОВАНИЕ,54.69,715.0,549.08,629.0,10.0,23,9,2021
2043302,09-09-2021,Республика Бурятия,ЦВЕТЫ,6.67,635.0,325.43,336.0,1.6,9,9,2021
2044121,16-09-2021,Республика Бурятия,КРАСОТА,40.54,402.0,237.63,285.0,10.0,16,9,2021
2044288,01-09-2021,Республика Бурятия,ИСКУССТВО,0.0,0.0,892.39,402.0,2.6,1,9,2021
2044799,29-09-2021,Республика Бурятия,"СВЯЗЬ, ТЕЛЕКОМ",26.39,233.0,281.2,267.0,10.0,29,9,2021
2046383,14-09-2021,Республика Бурятия,ГОС. СБОРЫ,59.62,469.0,676.53,535.0,10.0,14,9,2021
2050871,15-09-2021,Республика Бурятия,ГОС. СБОРЫ,59.26,241.0,353.51,277.0,10.0,15,9,2021
2052058,29-09-2021,Республика Бурятия,КРАСОТА,19.23,132.0,224.18,198.0,9.8,29,9,2021
2052411,04-09-2021,Республика Бурятия,АПТЕКИ,0.0,0.0,215.95,216.0,8.4,4,9,2021
2052417,24-09-2021,Республика Бурятия,СУВЕНИРЫ,14.29,581.0,181.73,202.0,6.1,24,9,2021
2055005,16-09-2021,Республика Бурятия,АРЕНДА АВТО,10.0,211.0,1102.1,775.0,7.5,16,9,2021
2055006,16-09-2021,Республика Бурятия,"ДОМ, РЕМОНТ",10.11,516.0,274.52,288.0,8.6,16,9,2021
2056447,25-09-2021,Республика Бурятия,Ж/Д БИЛЕТЫ,51.85,101.0,139.68,117.0,8.9,25,9,2021
2060879,23-09-2021,Республика Бурятия,СУВЕНИРЫ,0.0,0.0,151.65,144.0,6.3,23,9,2021
2062972,26-09-2021,Республика Бурятия,СУВЕНИРЫ,0.0,0.0,181.71,173.0,4.9,26,9,2021
2063193,03-09-2021,Республика Бурятия,DUTY FREE,0.0,,128.23,128.0,1.3,3,9,2021
2066110,02-09-2021,Республика Бурятия,РАЗВЛЕЧЕНИЯ,70.97,375.0,251.83,328.0,10.0,2,9,2021
2066911,19-09-2021,Республика Бурятия,КИНО,15.38,1541.0,220.65,254.0,6.1,19,9,2021
2069886,30-09-2021,Республика Бурятия,ОБРАЗОВАНИЕ,57.95,1036.0,696.41,860.0,10.0,30,9,2021
2070398,16-09-2021,Республика Бурятия,ЖИВОТНЫЕ,0.0,0.0,297.07,293.0,9.6,16,9,2021
2073397,27-09-2021,Республика Бурятия,МУЗЫКА,0.0,0.0,102.9,53.0,3.6,27,9,2021
2073746,21-09-2021,Республика Бурятия,DUTY FREE,0.0,,188.07,188.0,1.7,21,9,2021
2074010,03-09-2021,Республика Бурятия,АРЕНДА АВТО,75.0,644.0,124.68,315.0,4.8,3,9,2021
2074937,03-09-2021,Республика Бурятия,СУПЕРМАРКЕТЫ,2.11,300.0,303.71,304.0,10.0,3,9,2021
2076128,30-09-2021,Республика Бурятия,"ОДЕЖДА, ОБУВЬ",5.17,399.0,273.49,278.0,7.7,30,9,2021
2077295,04-09-2021,Республика Бурятия,АВИАБИЛЕТЫ,42.48,62.0,77.79,70.0,2.4,4,9,2021
2078510,20-09-2021,Республика Бурятия,"ДОМ, РЕМОНТ",9.91,522.0,283.91,297.0,8.8,20,9,2021
2078674,09-09-2021,Республика Бурятия,КИНО,20.0,780.0,81.21,99.0,3.6,9,9,2021
2081067,16-09-2021,Республика Бурятия,НКО,60.0,54.0,21.0,33.0,3.9,16,9,2021
2084414,23-09-2021,Республика Бурятия,КИНО,33.33,2300.0,119.74,175.0,4.5,23,9,2021
2087909,30-09-2021,Республика Бурятия,РАЗВЛЕЧЕНИЯ,61.17,347.0,361.09,352.0,10.0,30,9,2021
2090973,05-09-2021,Республика Бурятия,АРЕНДА АВТО,66.67,429.0,124.48,236.0,8.2,5,9,2021
2092091,01-09-2021,Республика Бурятия,РЕСТОРАНЫ,0.49,156.0,276.81,276.0,9.8,1,9,2021
2094245,04-09-2021,Республика Бурятия,СПОРТТОВАРЫ,4.55,332.0,193.94,198.0,6.4,4,9,2021
2095990,01-09-2021,Республика Бурятия,ЖИВОТНЫЕ,0.0,0.0,337.2,333.0,10.0,1,9,2021
2097103,24-09-2021,Республика Бурятия,ИСКУССТВО,,0.0,0.0,0.0,5.9,24,9,2021
2097407,09-09-2021,Республика Бурятия,СУПЕРМАРКЕТЫ,1.99,253.0,272.93,273.0,10.0,9,9,2021
2098006,05-09-2021,Республика Бурятия,АПТЕКИ,0.0,0.0,215.84,216.0,8.7,5,9,2021
2100774,13-09-2021,Республика Бурятия,"ДОМ, РЕМОНТ",13.55,699.0,267.0,291.0,9.0,13,9,2021
2100777,22-09-2021,Республика Бурятия,СПОРТТОВАРЫ,2.38,162.0,185.0,184.0,4.5,22,9,2021
2100889,30-09-2021,Республика Бурятия,НКО,68.75,98.0,25.92,52.0,3.6,30,9,2021
2101066,29-09-2021,Республика Бурятия,СУВЕНИРЫ,11.11,579.0,241.46,258.0,5.6,29,9,2021
2103936,15-09-2021,Республика Бурятия,ТУРАГЕНТСТВА,29.17,280.0,351.27,327.0,10.0,15,9,2021
2106215,28-09-2021,Республика Бурятия,"ОДЕЖДА, ОБУВЬ",7.92,560.0,243.13,255.0,7.5,28,9,2021
2107876,23-09-2021,Республика Бурятия,РЕСТОРАНЫ,0.71,152.0,185.18,185.0,9.2,23,9,2021
2107942,25-09-2021,Республика Бурятия,ЖИВОТНЫЕ,0.0,0.0,392.77,387.0,8.8,25,9,2021
2108210,27-09-2021,Республика Бурятия,"СВЯЗЬ, ТЕЛЕКОМ",33.8,295.0,249.98,264.0,10.0,27,9,2021
2108650,04-09-2021,Республика Бурятия,DUTY FREE,,,0.0,0.0,-0.1,4,9,2021
2112491,04-09-2021,Республика Бурятия,ИСКУССТВО,,0.0,0.0,0.0,3.7,4,9,2021
2112498,25-09-2021,Республика Бурятия,ИСКУССТВО,0.0,0.0,866.19,390.0,3.6,25,9,2021
2116292,06-09-2021,Республика Бурятия,КНИГИ,5.71,328.0,891.33,812.0,10.0,6,9,2021
2116687,12-09-2021,Республика Бурятия,РАЗВЛЕЧЕНИЯ,67.54,432.0,340.68,397.0,10.0,12,9,2021
2119770,15-09-2021,Республика Бурятия,КИНО,55.56,3864.0,80.48,176.0,3.7,15,9,2021
2120110,19-09-2021,Республика Бурятия,МУЗЫКА,0.0,0.0,103.67,53.0,2.5,19,9,2021
2120116,25-09-2021,Республика Бурятия,"ДОМ, РЕМОНТ",5.42,377.0,393.43,392.0,8.8,25,9,2021
2121741,04-09-2021,Республика Бурятия,ТОПЛИВО,0.0,,265.53,266.0,9.4,4,9,2021
2122485,15-09-2021,Республика Бурятия,ЧАСТНЫЕ УСЛУГИ,37.5,92.0,382.9,176.0,7.8,15,9,2021
2123202,06-09-2021,Республика Бурятия,ТУРАГЕНТСТВА,39.18,385.0,308.93,335.0,10.0,6,9,2021
2125222,24-09-2021,Республика Бурятия,"ДОМ, РЕМОНТ",7.54,370.0,271.43,277.0,9.1,24,9,2021
2125301,07-09-2021,Республика Бурятия,СПОРТТОВАРЫ,4.76,331.0,184.0,188.0,5.3,7,9,2021
2125606,25-09-2021,Республика Бурятия,ФОТО/ВИДЕО,0.0,0.0,594.35,192.0,8.5,25,9,2021
2130224,01-09-2021,Республика Бурятия,МЕД. УСЛУГИ,0.0,0.0,336.47,335.0,10.0,1,9,2021
2130859,19-09-2021,Республика Бурятия,ИСКУССТВО,,0.0,0.0,0.0,3.6,19,9,2021
2133027,17-09-2021,Республика Бурятия,СЕРВИС. УСЛУГИ,16.82,131.0,786.06,427.0,10.0,17,9,2021
2136517,13-09-2021,Республика Бурятия,ЦВЕТЫ,10.0,1265.0,416.46,446.0,1.8,13,9,2021
2139668,11-09-2021,Республика Бурятия,СПОРТТОВАРЫ,4.55,329.0,192.07,196.0,4.7,11,9,2021
2139678,25-09-2021,Республика Бурятия,АРЕНДА АВТО,50.0,209.0,121.43,154.0,6.3,25,9,2021
2140641,30-09-2021,Республика Бурятия,ОТЕЛИ,56.33,1530.0,294.85,541.0,8.9,30,9,2021
2141629,02-09-2021,Республика Бурятия,ФОТО/ВИДЕО,25.0,73.0,458.55,197.0,10.0,2,9,2021
2141760,13-09-2021,Республика Бурятия,ГОС. СБОРЫ,57.5,348.0,548.72,412.0,9.8,13,9,2021
2142041,07-09-2021,Республика Бурятия,ТОПЛИВО,0.37,,263.54,265.0,9.2,7,9,2021
2143039,11-09-2021,Республика Бурятия,НКО,66.67,109.0,31.73,60.0,2.6,11,9,2021
2145962,10-09-2021,Республика Бурятия,КРАСОТА,20.62,180.0,279.51,251.0,10.0,10,9,2021
2146381,05-09-2021,Республика Бурятия,РАЗВЛЕЧЕНИЯ,58.82,227.0,260.26,239.0,10.0,5,9,2021
2147026,26-09-2021,Республика Бурятия,АПТЕКИ,0.0,0.0,207.54,207.0,8.2,26,9,2021
2147651,10-09-2021,Республика Бурятия,МУЗЫКА,0.0,0.0,104.7,54.0,2.5,10,9,2021
2147659,27-09-2021,Республика Бурятия,ТУРАГЕНТСТВА,73.81,307.0,56.23,142.0,6.9,27,9,2021
2148184,23-09-2021,Республика Бурятия,МЕД. УСЛУГИ,0.76,888.0,452.38,454.0,10.0,23,9,2021
2148650,22-09-2021,Республика Бурятия,ЧАСТНЫЕ УСЛУГИ,33.33,61.0,304.07,131.0,8.5,22,9,2021
2150864,29-09-2021,Республика Бурятия,МУЗЫКА,0.0,0.0,102.64,53.0,1.9,29,9,2021
2151107,08-09-2021,Республика Бурятия,"СВЯЗЬ, ТЕЛЕКОМ",31.58,226.0,211.75,216.0,10.0,8,9,2021
2151319,05-09-2021,Республика Бурятия,МЕД. УСЛУГИ,0.0,0.0,135.35,135.0,4.8,5,9,2021
2153334,20-09-2021,Республика Бурятия,ТУРАГЕНТСТВА,27.88,289.0,385.72,353.0,9.3,20,9,2021
2154375,19-09-2021,Республика Бурятия,СУПЕРМАРКЕТЫ,1.45,174.0,259.67,258.0,10.0,19,9,2021
2155230,29-09-2021,Республика Бурятия,СЕРВИС. УСЛУГИ,30.1,223.0,629.31,407.0,10.0,29,9,2021
2161373,29-09-2021,Республика Бурятия,"ОДЕЖДА, ОБУВЬ",11.67,927.0,261.86,286.0,7.8,29,9,2021
2161708,15-09-2021,Республика Бурятия,АПТЕКИ,0.0,0.0,306.73,307.0,10.0,15,9,2021
2161949,08-09-2021,Республика Бурятия,АРЕНДА АВТО,25.0,213.0,371.55,313.0,9.9,8,9,2021
2161961,29-09-2021,Республика Бурятия,АРЕНДА АВТО,66.67,417.0,121.03,230.0,6.8,29,9,2021
2162560,25-09-2021,Республика Бурятия,КНИГИ,8.33,160.0,290.29,272.0,7.9,25,9,2021
2168355,20-09-2021,Республика Бурятия,ФОТО/ВИДЕО,60.0,428.0,597.47,482.0,10.0,20,9,2021
2171715,22-09-2021,Республика Бурятия,"СВЯЗЬ, ТЕЛЕКОМ",30.19,197.0,197.41,197.0,10.0,22,9,2021
2172663,24-09-2021,Республика Бурятия,РАЗВЛЕЧЕНИЯ,65.88,310.0,262.99,292.0,10.0,24,9,2021
2174984,18-09-2021,Республика Бурятия,ЖИВОТНЫЕ,0.0,0.0,329.54,325.0,10.0,18,9,2021
2176852,30-09-2021,Республика Бурятия,DUTY FREE,0.0,,310.86,311.0,2.6,30,9,2021
2177624,06-09-2021,Республика Бурятия,РАЗВЛЕЧЕНИЯ,73.15,447.0,269.11,380.0,9.7,6,9,2021
2179522,17-09-2021,Республика Бурятия,МУЗЫКА,0.0,0.0,155.57,80.0,3.7,17,9,2021
2179632,15-09-2021,Республика Бурятия,"ОДЕЖДА, ОБУВЬ",12.79,907.0,230.83,255.0,7.6,15,9,2021
2180201,07-09-2021,Республика Бурятия,СЕРВИС. УСЛУГИ,15.69,118.0,770.59,413.0,10.0,7,9,2021
2180829,11-09-2021,Республика Бурятия,МЕД. УСЛУГИ,0.78,900.0,448.23,450.0,8.9,11,9,2021
2180980,03-09-2021,Республика Бурятия,ОТЕЛИ,21.74,266.0,237.96,244.0,8.5,3,9,2021
2183887,16-09-2021,Республика Бурятия,Ж/Д БИЛЕТЫ,72.0,131.0,75.85,109.0,10.0,16,9,2021
2186920,25-09-2021,Республика Бурятия,КИНО,17.65,2296.0,278.95,330.0,6.4,25,9,2021
2187617,03-09-2021,Республика Бурятия,ТРАНСПОРТ,42.55,363.0,340.21,350.0,10.0,3,9,2021
2187621,30-09-2021,Республика Бурятия,ТРАНСПОРТ,40.48,299.0,305.46,303.0,10.0,30,9,2021
2188623,07-09-2021,Республика Бурятия,КНИГИ,5.88,328.0,862.89,787.0,10.0,7,9,2021
2188624,08-09-2021,Республика Бурятия,ТРАНСПОРТ,34.09,271.0,362.99,325.0,10.0,8,9,2021
2188625,14-09-2021,Республика Бурятия,Ж/Д БИЛЕТЫ,76.19,117.0,54.38,92.0,10.0,14,9,2021
2188626,20-09-2021,Республика Бурятия,ЖИВОТНЫЕ,0.0,0.0,296.12,292.0,8.5,20,9,2021
2188841,05-09-2021,Республика Бурятия,ГОС. СБОРЫ,50.0,46.0,97.89,63.0,3.6,5,9,2021
2190649,09-09-2021,Республика Бурятия,ЖИВОТНЫЕ,0.0,0.0,500.23,494.0,10.0,9,9,2021
2191607,12-09-2021,Республика Бурятия,ГОС. СБОРЫ,76.92,152.0,96.97,134.0,4.7,12,9,2021
2192449,27-09-2021,Республика Бурятия,DUTY FREE,0.0,,311.97,312.0,2.1,27,9,2021
2194511,22-09-2021,Республика Бурятия,ТРАНСПОРТ,46.81,390.0,307.51,341.0,10.0,22,9,2021
2194512,24-09-2021,Республика Бурятия,КНИГИ,5.26,160.0,475.13,431.0,10.0,24,9,2021
2194567,16-09-2021,Республика Бурятия,СУВЕНИРЫ,0.0,0.0,213.77,203.0,4.4,16,9,2021
2196403,03-09-2021,Республика Бурятия,КИНО,11.11,786.0,163.67,179.0,4.8,3,9,2021
2197035,16-09-2021,Республика Бурятия,КНИГИ,5.26,162.0,479.05,434.0,10.0,16,9,2021
2198899,14-09-2021,Республика Бурятия,ФАСТФУД,5.37,2678.0,345.4,362.0,10.0,14,9,2021
2199867,13-09-2021,Республика Бурятия,АВИАБИЛЕТЫ,55.31,126.0,94.66,110.0,3.0,13,9,2021
2200708,26-09-2021,Республика Бурятия,НКО,72.22,117.0,26.03,59.0,2.5,26,9,2021
2202605,07-09-2021,Республика Бурятия,ИСКУССТВО,,0.0,0.0,0.0,1.3,7,9,2021
2203788,03-09-2021,Республика Бурятия,АВТО УСЛУГИ,7.69,370.0,235.84,243.0,8.2,3,9,2021
2204627,18-09-2021,Республика Бурятия,ТРАНСПОРТ,45.65,374.0,308.89,336.0,10.0,18,9,2021
2206200,26-09-2021,Республика Бурятия,КРАСОТА,12.5,89.0,249.93,204.0,10.0,26,9,2021
2206502,07-09-2021,Республика Бурятия,МУЗЫКА,0.0,0.0,105.22,54.0,2.6,7,9,2021
2207141,17-09-2021,Республика Бурятия,ЖИВОТНЫЕ,0.0,0.0,230.76,228.0,10.0,17,9,2021
2207339,24-09-2021,Республика Бурятия,ЦВЕТЫ,9.52,1247.0,433.57,462.0,2.0,24,9,2021
2207768,19-09-2021,Республика Бурятия,Ж/Д БИЛЕТЫ,75.0,109.0,54.09,87.0,10.0,19,9,2021
2209061,03-09-2021,Республика Бурятия,ЦВЕТЫ,10.53,1281.0,398.22,429.0,1.2,3,9,2021
2209066,08-09-2021,Республика Бурятия,ЖИВОТНЫЕ,12.5,2447.0,233.69,263.0,9.5,8,9,2021
2209515,04-09-2021,Республика Бурятия,ТУРАГЕНТСТВА,45.68,376.0,230.89,280.0,8.9,4,9,2021
2211375,14-09-2021,Республика Бурятия,СУПЕРМАРКЕТЫ,2.05,263.0,274.01,274.0,10.0,14,9,2021
2213203,01-09-2021,Республика Бурятия,РАЗВЛЕЧЕНИЯ,53.06,296.0,429.68,347.0,10.0,1,9,2021
2213654,27-09-2021,Республика Бурятия,КИНО,20.0,765.0,79.64,97.0,3.6,27,9,2021
2213693,09-09-2021,Республика Бурятия,СПОРТТОВАРЫ,3.57,165.0,123.85,125.0,4.7,9,9,2021
2213696,17-09-2021,Республика Бурятия,"ОДЕЖДА, ОБУВЬ",8.09,533.0,226.03,237.0,7.8,17,9,2021
2216040,14-09-2021,Республика Бурятия,РАЗВЛЕЧЕНИЯ,70.71,392.0,266.14,344.0,10.0,14,9,2021
2217365,15-09-2021,Республика Бурятия,ЖИВОТНЫЕ,0.0,0.0,297.44,293.0,10.0,15,9,2021
2219549,30-09-2021,Республика Бурятия,ФАСТФУД,4.67,2395.0,357.27,372.0,10.0,30,9,2021
2220357,16-09-2021,Республика Бурятия,АВТО УСЛУГИ,6.83,570.0,413.63,422.0,8.5,16,9,2021
2220984,09-09-2021,Республика Бурятия,РЕСТОРАНЫ,0.0,0.0,196.51,195.0,9.1,9,9,2021
2221761,08-09-2021,Республика Бурятия,ЦВЕТЫ,17.65,1908.0,325.78,382.0,1.0,8,9,2021
2223670,13-09-2021,Республика Бурятия,СЕРВИС. УСЛУГИ,15.31,110.0,738.13,394.0,10.0,13,9,2021
2223933,19-09-2021,Республика Бурятия,СУВЕНИРЫ,0.0,0.0,213.4,203.0,3.5,19,9,2021
2225463,22-09-2021,Республика Бурятия,СУПЕРМАРКЕТЫ,1.89,228.0,258.06,257.0,10.0,22,9,2021
2225476,12-09-2021,Республика Бурятия,ЧАСТНЫЕ УСЛУГИ,18.18,62.0,693.18,243.0,7.7,12,9,2021
2226358,04-09-2021,Республика Бурятия,АРЕНДА АВТО,22.22,429.0,871.85,709.0,9.4,4,9,2021
2228192,30-09-2021,Республика Бурятия,СПОРТТОВАРЫ,2.63,161.0,165.84,166.0,5.1,30,9,2021
2228613,24-09-2021,Республика Бурятия,ТОПЛИВО,0.35,,267.46,268.0,9.3,24,9,2021
2229070,30-09-2021,Республика Бурятия,ЧАСТНЫЕ УСЛУГИ,50.0,91.0,226.53,130.0,6.2,30,9,2021
2229230,13-09-2021,Республика Бурятия,РЕСТОРАНЫ,0.79,154.0,169.97,170.0,8.5,13,9,2021
2230153,15-09-2021,Республика Бурятия,"ДОМ, РЕМОНТ",8.42,495.0,322.11,332.0,8.8,15,9,2021
2230356,22-09-2021,Республика Бурятия,DUTY FREE,0.0,,62.59,63.0,1.7,22,9,2021
2234006,06-09-2021,Республика Бурятия,DUTY FREE,0.0,,127.82,128.0,1.7,6,9,2021
2234111,20-09-2021,Республика Бурятия,НКО,55.56,90.0,41.87,60.0,3.4,20,9,2021
2234114,30-09-2021,Республика Бурятия,КНИГИ,5.26,160.0,472.95,429.0,10.0,30,9,2021
2238224,28-09-2021,Республика Бурятия,"СВЯЗЬ, ТЕЛЕКОМ",23.33,172.0,244.42,222.0,10.0,28,9,2021
2242347,09-09-2021,Республика Бурятия,АВИАБИЛЕТЫ,44.52,83.0,96.29,90.0,3.1,9,9,2021
2243358,25-09-2021,Республика Бурятия,РЕСТОРАНЫ,0.47,152.0,284.65,283.0,9.1,25,9,2021
2244229,28-09-2021,Республика Бурятия,Ж/Д БИЛЕТЫ,64.71,159.0,128.71,147.0,10.0,28,9,2021
2246218,18-09-2021,Республика Бурятия,ФАСТФУД,5.58,3390.0,419.72,441.0,10.0,18,9,2021
2247149,10-09-2021,Республика Бурятия,"СВЯЗЬ, ТЕЛЕКОМ",33.33,175.0,151.54,159.0,10.0,10,9,2021
2247745,19-09-2021,Республика Бурятия,АВТО УСЛУГИ,6.45,259.0,199.58,203.0,7.2,19,9,2021
2249578,02-09-2021,Республика Бурятия,МЕД. УСЛУГИ,0.0,0.0,386.0,384.0,10.0,2,9,2021
2250693,07-09-2021,Республика Бурятия,ГОС. СБОРЫ,54.84,260.0,455.3,322.0,10.0,7,9,2021
2254594,07-09-2021,Республика Бурятия,ОТЕЛИ,35.59,371.0,166.64,207.0,8.4,7,9,2021
2254603,24-09-2021,Республика Бурятия,МЕД. УСЛУГИ,0.63,886.0,545.6,547.0,10.0,24,9,2021
2255294,29-09-2021,Республика Бурятия,РЕСТОРАНЫ,0.0,0.0,185.61,184.0,9.0,29,9,2021
2255399,30-09-2021,Республика Бурятия,Ж/Д БИЛЕТЫ,73.33,158.0,85.58,129.0,10.0,30,9,2021
2256147,10-09-2021,Республика Бурятия,Ж/Д БИЛЕТЫ,58.33,103.0,109.25,105.0,10.0,10,9,2021
2256810,22-09-2021,Республика Бурятия,"ДОМ, РЕМОНТ",14.14,798.0,289.9,319.0,8.8,22,9,2021
2258142,23-09-2021,Республика Бурятия,DUTY FREE,0.0,,125.08,125.0,2.1,23,9,2021
2258219,15-09-2021,Республика Бурятия,АРЕНДА АВТО,50.0,211.0,122.61,155.0,8.1,15,9,2021
2258628,13-09-2021,Республика Бурятия,СПОРТТОВАРЫ,5.56,328.0,155.23,160.0,5.0,13,9,2021
2260310,16-09-2021,Республика Бурятия,АВИАБИЛЕТЫ,38.19,193.0,289.44,243.0,3.6,16,9,2021
2260316,26-09-2021,Республика Бурятия,"ОДЕЖДА, ОБУВЬ",4.55,497.0,389.62,393.0,9.6,26,9,2021
2260390,03-09-2021,Республика Бурятия,"СВЯЗЬ, ТЕЛЕКОМ",36.36,252.0,191.29,210.0,10.0,3,9,2021
2260588,28-09-2021,Республика Бурятия,СУПЕРМАРКЕТЫ,1.6,184.0,247.55,246.0,10.0,28,9,2021
2265501,02-09-2021,Республика Бурятия,DUTY FREE,0.0,,128.47,128.0,0.8,2,9,2021
2267622,02-09-2021,Республика Бурятия,ТОПЛИВО,0.0,,259.47,259.0,9.0,2,9,2021
2271485,02-09-2021,Республика Бурятия,ИСКУССТВО,0.0,0.0,891.05,401.0,1.4,2,9,2021
2273166,30-09-2021,Республика Бурятия,КРАСОТА,34.41,282.0,216.83,236.0,9.1,30,9,2021
2277432,26-09-2021,Республика Бурятия,АВТО УСЛУГИ,5.11,308.0,304.9,305.0,7.6,26,9,2021
2279681,28-09-2021,Республика Бурятия,КИНО,14.29,764.0,119.34,136.0,4.3,28,9,2021
2279995,14-09-2021,Республика Бурятия,ЧАСТНЫЕ УСЛУГИ,60.0,93.0,153.53,110.0,6.2,14,9,2021
2284324,06-09-2021,Республика Бурятия,СЕРВИС. УСЛУГИ,24.79,222.0,816.75,490.0,10.0,6,9,2021
2285373,12-09-2021,Республика Бурятия,ИСКУССТВО,,0.0,0.0,0.0,6.0,12,9,2021
2285849,09-09-2021,Республика Бурятия,НКО,54.55,55.0,26.52,37.0,2.8,9,9,2021
2289624,06-09-2021,Республика Бурятия,РЕСТОРАНЫ,0.9,155.0,149.75,150.0,8.3,6,9,2021
2291434,16-09-2021,Республика Бурятия,СЕРВИС. УСЛУГИ,24.1,146.0,557.14,331.0,10.0,16,9,2021
2292881,13-09-2021,Республика Бурятия,АПТЕКИ,0.0,0.0,359.92,360.0,10.0,13,9,2021
2292988,11-09-2021,Республика Бурятия,"ОДЕЖДА, ОБУВЬ",8.91,880.0,335.57,355.0,9.8,11,9,2021
2293613,21-09-2021,Республика Бурятия,ЖИВОТНЫЕ,12.5,2408.0,230.01,259.0,9.3,21,9,2021
2293986,09-09-2021,Республика Бурятия,ОБРАЗОВАНИЕ,24.0,125.0,365.97,250.0,10.0,9,9,2021
2294262,22-09-2021,Республика Бурятия,КИНО,16.67,767.0,99.86,117.0,3.2,22,9,2021
2298636,05-09-2021,Республика Бурятия,СУВЕНИРЫ,0.0,0.0,186.27,177.0,5.2,5,9,2021
2299153,07-09-2021,Республика Бурятия,"СВЯЗЬ, ТЕЛЕКОМ",46.15,226.0,114.22,148.0,10.0,7,9,2021
2299254,12-09-2021,Республика Бурятия,ОБРАЗОВАНИЕ,40.63,269.0,364.76,319.0,10.0,12,9,2021
2300663,12-09-2021,Республика Бурятия,НКО,83.33,137.0,15.86,60.0,2.8,12,9,2021
2301601,24-09-2021,Республика Бурятия,ФАСТФУД,5.0,3128.0,434.57,454.0,10.0,24,9,2021
2305517,04-09-2021,Республика Бурятия,ОТЕЛИ,10.87,89.0,180.49,162.0,8.0,4,9,2021
2305561,18-09-2021,Республика Бурятия,КИНО,16.67,2312.0,300.92,352.0,6.4,18,9,2021
2313725,16-09-2021,Республика Бурятия,ЧАСТНЫЕ УСЛУГИ,62.5,154.0,229.45,175.0,7.3,16,9,2021
2314192,29-09-2021,Республика Бурятия,СУПЕРМАРКЕТЫ,2.56,313.0,260.39,262.0,10.0,29,9,2021
2315427,24-09-2021,Республика Бурятия,Ж/Д БИЛЕТЫ,71.43,108.0,64.48,91.0,10.0,24,9,2021
2315541,30-09-2021,Республика Бурятия,СУВЕНИРЫ,57.89,6359.0,241.2,544.0,7.0,30,9,2021
2316595,05-09-2021,Республика Бурятия,ФОТО/ВИДЕО,0.0,0.0,304.66,98.0,9.1,5,9,2021
2317058,02-09-2021,Республика Бурятия,"ОДЕЖДА, ОБУВЬ",7.51,561.0,257.95,269.0,7.7,2,9,2021
2317601,02-09-2021,Республика Бурятия,"ДОМ, РЕМОНТ",9.64,541.0,303.65,317.0,9.5,2,9,2021
2319065,13-09-2021,Республика Бурятия,Ж/Д БИЛЕТЫ,76.92,147.0,65.38,114.0,9.6,13,9,2021
2319243,18-09-2021,Республика Бурятия,ОБРАЗОВАНИЕ,40.0,205.0,285.5,247.0,10.0,18,9,2021
2321197,09-09-2021,Республика Бурятия,ТУРАГЕНТСТВА,21.25,172.0,328.4,275.0,8.5,9,9,2021
2322376,27-09-2021,Республика Бурятия,Ж/Д БИЛЕТЫ,77.42,173.0,75.15,134.0,10.0,27,9,2021
2322847,10-09-2021,Республика Бурятия,СПОРТТОВАРЫ,12.2,823.0,164.78,183.0,6.1,10,9,2021
2325059,26-09-2021,Республика Бурятия,КИНО,15.38,1531.0,219.19,252.0,6.4,26,9,2021
2325150,22-09-2021,Республика Бурятия,МУЗЫКА,0.0,0.0,154.83,80.0,4.8,22,9,2021
2326326,17-09-2021,Республика Бурятия,DUTY FREE,0.0,,62.89,63.0,1.3,17,9,2021
2327410,25-09-2021,Республика Бурятия,РАЗВЛЕЧЕНИЯ,67.03,337.0,272.0,312.0,10.0,25,9,2021
2328088,26-09-2021,Республика Бурятия,МУЗЫКА,0.0,0.0,102.99,53.0,3.1,26,9,2021
2328450,07-09-2021,Республика Бурятия,АПТЕКИ,4.08,17204.0,288.88,301.0,10.0,7,9,2021
2331520,04-09-2021,Республика Бурятия,ЖИВОТНЫЕ,0.0,0.0,369.3,364.0,10.0,4,9,2021
2332204,17-09-2021,Республика Бурятия,ТРАНСПОРТ,42.55,356.0,333.71,343.0,10.0,17,9,2021
2332209,28-09-2021,Республика Бурятия,ТРАНСПОРТ,39.13,318.0,343.0,333.0,10.0,28,9,2021
2332272,04-09-2021,Республика Бурятия,РАЗВЛЕЧЕНИЯ,58.14,283.0,334.8,303.0,10.0,4,9,2021
2332999,07-09-2021,Республика Бурятия,АВТО УСЛУГИ,14.74,735.0,226.31,252.0,7.9,7,9,2021
2333989,28-09-2021,Республика Бурятия,ЧАСТНЫЕ УСЛУГИ,66.67,122.0,151.41,130.0,7.2,28,9,2021
2335555,25-09-2021,Республика Бурятия,ФАСТФУД,5.7,3608.0,436.22,459.0,10.0,25,9,2021
2336128,30-09-2021,Республика Бурятия,ИСКУССТВО,,0.0,0.0,0.0,1.3,30,9,2021
2336836,10-09-2021,Республика Бурятия,ЖИВОТНЫЕ,0.0,0.0,232.95,230.0,8.6,10,9,2021
2337302,21-09-2021,Республика Бурятия,ФОТО/ВИДЕО,0.0,0.0,745.85,241.0,10.0,21,9,2021
2338704,03-09-2021,Республика Бурятия,АВИАБИЛЕТЫ,59.26,103.0,65.89,84.0,2.7,3,9,2021
2340053,13-09-2021,Республика Бурятия,ОБРАЗОВАНИЕ,23.26,207.0,632.66,428.0,10.0,13,9,2021
2340401,25-09-2021,Республика Бурятия,НКО,73.33,197.0,41.65,99.0,2.3,25,9,2021
2341925,09-09-2021,Республика Бурятия,ЧАСТНЫЕ УСЛУГИ,58.33,218.0,386.37,266.0,7.0,9,9,2021
2345134,30-09-2021,Республика Бурятия,ТОПЛИВО,0.0,,261.52,262.0,8.4,30,9,2021
2345287,24-09-2021,Республика Бурятия,АВИАБИЛЕТЫ,44.36,74.0,86.36,81.0,2.9,24,9,2021
2345927,04-09-2021,Республика Бурятия,МЕД. УСЛУГИ,0.0,0.0,302.92,302.0,8.3,4,9,2021
2345932,13-09-2021,Республика Бурятия,МУЗЫКА,0.0,0.0,208.87,108.0,3.7,13,9,2021
2345936,24-09-2021,Республика Бурятия,МУЗЫКА,0.0,0.0,103.0,53.0,4.2,24,9,2021
2348746,06-09-2021,Республика Бурятия,СПОРТТОВАРЫ,2.17,166.0,207.34,206.0,5.9,6,9,2021
2348753,30-09-2021,Республика Бурятия,МЕД. УСЛУГИ,1.02,882.0,335.55,338.0,10.0,30,9,2021
2348935,12-09-2021,Республика Бурятия,СПОРТТОВАРЫ,1.92,164.0,233.16,231.0,6.2,12,9,2021
2348965,21-09-2021,Республика Бурятия,ТРАНСПОРТ,37.78,302.0,344.96,327.0,10.0,21,9,2021
2349565,11-09-2021,Республика Бурятия,"ДОМ, РЕМОНТ",6.36,383.0,337.01,340.0,9.1,11,9,2021
2350080,07-09-2021,Республика Бурятия,"ОДЕЖДА, ОБУВЬ",10.53,819.0,259.89,280.0,8.2,7,9,2021
2351747,14-09-2021,Республика Бурятия,ОТЕЛИ,14.0,122.0,186.8,174.0,8.5,14,9,2021
2351958,24-09-2021,Республика Бурятия,ЧАСТНЫЕ УСЛУГИ,87.5,214.0,75.86,174.0,6.1,24,9,2021
2352295,05-09-2021,Республика Бурятия,DUTY FREE,,,0.0,0.0,-0.5,5,9,2021
2352982,25-09-2021,Республика Бурятия,DUTY FREE,0.0,,62.44,62.0,1.2,25,9,2021
2355365,25-09-2021,Республика Бурятия,"СВЯЗЬ, ТЕЛЕКОМ",17.39,147.0,303.41,256.0,10.0,25,9,2021
2356339,04-09-2021,Республика Бурятия,ФАСТФУД,6.06,3454.0,391.52,414.0,10.0,4,9,2021
2356345,17-09-2021,Республика Бурятия,СУВЕНИРЫ,0.0,0.0,335.49,319.0,5.8,17,9,2021
2356367,04-09-2021,Республика Бурятия,МУЗЫКА,33.33,56.0,105.63,82.0,4.9,4,9,2021
2357262,07-09-2021,Республика Бурятия,ЖИВОТНЫЕ,0.0,0.0,234.11,231.0,9.2,7,9,2021
2358367,05-09-2021,Республика Бурятия,ФАСТФУД,5.85,2712.0,319.18,337.0,10.0,5,9,2021
2358726,16-09-2021,Республика Бурятия,ОБРАЗОВАНИЕ,37.68,535.0,819.77,683.0,10.0,16,9,2021
2359312,03-09-2021,Республика Бурятия,ИСКУССТВО,,0.0,0.0,0.0,0.2,3,9,2021
2360804,09-09-2021,Республика Бурятия,ТОПЛИВО,0.39,,247.34,248.0,9.0,9,9,2021
2361709,02-09-2021,Республика Бурятия,ТУРАГЕНТСТВА,20.0,102.0,210.51,174.0,10.0,2,9,2021
2361716,20-09-2021,Республика Бурятия,АВТО УСЛУГИ,14.34,956.0,303.74,337.0,7.5,20,9,2021
2361804,22-09-2021,Республика Бурятия,КНИГИ,0.0,0.0,661.28,568.0,10.0,22,9,2021
2362254,29-09-2021,Республика Бурятия,АВИАБИЛЕТЫ,31.91,94.0,186.06,142.0,2.8,29,9,2021
2362492,15-09-2021,Республика Бурятия,ТОПЛИВО,0.38,,251.81,253.0,8.9,15,9,2021
2363972,23-09-2021,Республика Бурятия,ФОТО/ВИДЕО,40.0,142.0,446.46,240.0,10.0,23,9,2021
2364411,25-09-2021,Республика Бурятия,ЦВЕТЫ,5.26,624.0,410.66,418.0,2.0,25,9,2021
2368863,15-09-2021,Республика Бурятия,АВИАБИЛЕТЫ,47.89,288.0,290.98,290.0,3.8,15,9,2021
2368866,18-09-2021,Республика Бурятия,КРАСОТА,13.75,98.0,248.02,205.0,10.0,18,9,2021
2370902,14-09-2021,Республика Бурятия,МУЗЫКА,0.0,0.0,104.23,54.0,4.3,14,9,2021
2372754,21-09-2021,Республика Бурятия,ТУРАГЕНТСТВА,37.5,209.0,179.76,190.0,8.1,21,9,2021
2373916,23-09-2021,Республика Бурятия,ТУРАГЕНТСТВА,39.68,248.0,194.71,213.0,4.9,23,9,2021
2374322,08-09-2021,Республика Бурятия,ТОПЛИВО,0.4,,238.89,240.0,8.8,8,9,2021
2375510,10-09-2021,Республика Бурятия,"ДОМ, РЕМОНТ",8.0,484.0,333.0,342.0,8.7,10,9,2021
2377769,20-09-2021,Республика Бурятия,ЦВЕТЫ,0.0,0.0,435.75,420.0,2.1,20,9,2021
2378551,01-09-2021,Республика Бурятия,"ОДЕЖДА, ОБУВЬ",10.39,578.0,186.2,200.0,7.6,1,9,2021
2379726,11-09-2021,Республика Бурятия,СУПЕРМАРКЕТЫ,3.59,516.0,303.36,308.0,10.0,11,9,2021
2380652,10-09-2021,Республика Бурятия,ЦВЕТЫ,16.67,1902.0,347.95,403.0,1.8,10,9,2021
2381504,12-09-2021,Республика Бурятия,КРАСОТА,23.96,207.0,264.67,248.0,10.0,12,9,2021
2381571,10-09-2021,Республика Бурятия,АРЕНДА АВТО,0.0,0.0,123.46,78.0,6.4,10,9,2021
2381935,05-09-2021,Республика Бурятия,ТРАНСПОРТ,53.33,290.0,176.13,223.0,10.0,5,9,2021
2382228,05-09-2021,Республика Бурятия,КРАСОТА,18.57,118.0,208.63,183.0,9.1,5,9,2021
2382835,20-09-2021,Республика Бурятия,СУПЕРМАРКЕТЫ,6.27,826.0,270.23,282.0,10.0,20,9,2021
2383855,18-09-2021,Республика Бурятия,DUTY FREE,0.0,,502.97,503.0,0.8,18,9,2021
2383940,10-09-2021,Республика Бурятия,СУВЕНИРЫ,0.0,0.0,184.74,176.0,4.3,10,9,2021
2384977,11-09-2021,Республика Бурятия,ЖИВОТНЫЕ,0.0,0.0,432.23,426.0,10.0,11,9,2021
2386538,07-09-2021,Республика Бурятия,АВИАБИЛЕТЫ,48.37,95.0,94.18,95.0,2.5,7,9,2021
2387168,05-09-2021,Республика Бурятия,ИСКУССТВО,,0.0,0.0,0.0,1.4,5,9,2021
2387174,10-09-2021,Республика Бурятия,"ОДЕЖДА, ОБУВЬ",10.76,668.0,206.88,223.0,7.2,10,9,2021
2387356,21-09-2021,Республика Бурятия,"ОДЕЖДА, ОБУВЬ",10.12,692.0,229.51,246.0,7.7,21,9,2021
2388050,02-09-2021,Республика Бурятия,СПОРТТОВАРЫ,8.57,500.0,148.19,158.0,5.3,2,9,2021
2388058,23-09-2021,Республика Бурятия,СПОРТТОВАРЫ,4.76,324.0,180.36,184.0,4.8,23,9,2021
2389736,19-09-2021,Республика Бурятия,ОТЕЛИ,31.25,261.0,142.58,166.0,8.4,19,9,2021
2389923,06-09-2021,Республика Бурятия,НКО,50.0,73.0,42.63,54.0,2.7,6,9,2021
2389927,27-09-2021,Республика Бурятия,НКО,61.54,72.0,26.01,43.0,3.1,27,9,2021
2390601,11-09-2021,Республика Бурятия,СУВЕНИРЫ,0.0,0.0,246.09,234.0,6.8,11,9,2021
2391972,30-09-2021,Республика Бурятия,ГОС. СБОРЫ,77.42,357.0,221.82,314.0,9.3,30,9,2021
2394087,21-09-2021,Республика Бурятия,КИНО,28.57,1537.0,100.02,136.0,4.1,21,9,2021
2394657,06-09-2021,Республика Бурятия,МУЗЫКА,0.0,0.0,105.4,54.0,2.6,6,9,2021
2395373,09-09-2021,Республика Бурятия,ОТЕЛИ,24.53,229.0,174.92,186.0,7.1,9,9,2021
2395528,13-09-2021,Республика Бурятия,ФАСТФУД,5.64,2683.0,328.23,345.0,10.0,13,9,2021
2397131,05-09-2021,Республика Бурятия,СПОРТТОВАРЫ,6.76,830.0,318.45,332.0,6.8,5,9,2021
2400469,20-09-2021,Республика Бурятия,АПТЕКИ,0.96,4231.0,311.42,314.0,10.0,20,9,2021
2400647,08-09-2021,Республика Бурятия,СЕРВИС. УСЛУГИ,24.39,147.0,554.55,331.0,10.0,8,9,2021
2400654,27-09-2021,Республика Бурятия,РЕСТОРАНЫ,0.8,152.0,164.8,165.0,8.3,27,9,2021
2401029,07-09-2021,Республика Бурятия,ЦВЕТЫ,7.69,637.0,279.74,292.0,1.2,7,9,2021
2403580,28-09-2021,Республика Бурятия,НКО,76.19,143.0,25.98,69.0,3.3,28,9,2021
2405379,16-09-2021,Республика Бурятия,ФАСТФУД,4.09,2183.0,374.29,387.0,10.0,16,9,2021
2406270,10-09-2021,Республика Бурятия,ОТЕЛИ,16.39,176.0,222.55,213.0,8.6,10,9,2021
2407203,02-09-2021,Республика Бурятия,КНИГИ,6.52,495.0,1167.34,1072.0,10.0,2,9,2021
2407322,15-09-2021,Республика Бурятия,ОБРАЗОВАНИЕ,49.06,535.0,515.38,525.0,10.0,15,9,2021
2412984,08-09-2021,Республика Бурятия,"ОДЕЖДА, ОБУВЬ",12.44,916.0,240.5,265.0,7.9,8,9,2021
2413068,14-09-2021,Республика Бурятия,КРАСОТА,20.55,135.0,209.59,188.0,10.0,14,9,2021
2413075,29-09-2021,Республика Бурятия,РАЗВЛЕЧЕНИЯ,70.09,452.0,316.29,400.0,10.0,29,9,2021
2413478,08-09-2021,Республика Бурятия,"ДОМ, РЕМОНТ",10.09,594.0,317.13,333.0,9.1,8,9,2021
2413756,07-09-2021,Республика Бурятия,НКО,66.67,55.0,15.96,30.0,2.4,7,9,2021
2414810,24-09-2021,Республика Бурятия,РЕСТОРАНЫ,0.83,303.0,317.98,318.0,10.0,24,9,2021
2417435,09-09-2021,Республика Бурятия,ГОС. СБОРЫ,37.21,244.0,875.59,445.0,10.0,9,9,2021
2417696,28-09-2021,Республика Бурятия,КНИГИ,5.88,160.0,421.49,385.0,10.0,28,9,2021
2417881,05-09-2021,Республика Бурятия,"ОДЕЖДА, ОБУВЬ",6.99,625.0,310.44,322.0,9.0,5,9,2021
2418749,25-09-2021,Республика Бурятия,КРАСОТА,35.9,372.0,267.76,298.0,10.0,25,9,2021
2419654,10-09-2021,Республика Бурятия,РАЗВЛЕЧЕНИЯ,71.72,399.0,258.12,346.0,10.0,10,9,2021
2419658,19-09-2021,Республика Бурятия,АРЕНДА АВТО,30.77,842.0,1100.2,1005.0,9.2,19,9,2021
2419804,03-09-2021,Республика Бурятия,СЕРВИС. УСЛУГИ,24.56,104.0,387.17,232.0,10.0,3,9,2021
2420611,04-09-2021,Республика Бурятия,СУПЕРМАРКЕТЫ,1.48,200.0,290.54,289.0,10.0,4,9,2021
2420931,13-09-2021,Республика Бурятия,ТУРАГЕНТСТВА,54.76,231.0,98.58,144.0,9.4,13,9,2021
2422196,27-09-2021,Республика Бурятия,СЕРВИС. УСЛУГИ,25.66,209.0,736.02,447.0,10.0,27,9,2021
2424301,17-09-2021,Республика Бурятия,НКО,50.0,72.0,41.95,53.0,3.2,17,9,2021
2425874,05-09-2021,Республика Бурятия,КИНО,9.09,785.0,204.27,219.0,5.7,5,9,2021
2425877,12-09-2021,Республика Бурятия,РЕСТОРАНЫ,1.38,308.0,193.16,194.0,7.8,12,9,2021
2428251,28-09-2021,Республика Бурятия,СУВЕНИРЫ,14.29,580.0,181.37,201.0,4.7,28,9,2021
2428874,23-09-2021,Республика Бурятия,ИСКУССТВО,,0.0,0.0,0.0,7.1,23,9,2021
2433825,28-09-2021,Республика Бурятия,ИСКУССТВО,,0.0,0.0,0.0,3.6,28,9,2021
2434113,03-09-2021,Республика Бурятия,ТОПЛИВО,0.0,,266.77,267.0,9.7,3,9,2021
2434797,14-09-2021,Республика Бурятия,МЕД. УСЛУГИ,1.3,1794.0,534.55,539.0,10.0,14,9,2021
2434799,20-09-2021,Республика Бурятия,ОТЕЛИ,23.26,174.0,142.38,149.0,7.0,20,9,2021
2436304,28-09-2021,Республика Бурятия,ОТЕЛИ,41.77,569.0,197.07,271.0,8.4,28,9,2021
2436531,16-09-2021,Республика Бурятия,РЕСТОРАНЫ,0.6,153.0,222.67,222.0,9.1,16,9,2021
2437126,10-09-2021,Республика Бурятия,АВИАБИЛЕТЫ,49.15,74.0,71.18,73.0,2.8,10,9,2021
2440450,14-09-2021,Республика Бурятия,"ДОМ, РЕМОНТ",7.72,410.0,293.18,300.0,8.8,14,9,2021
2440486,16-09-2021,Республика Бурятия,DUTY FREE,0.0,,251.89,252.0,1.7,16,9,2021
2441132,02-09-2021,Республика Бурятия,ЖИВОТНЫЕ,0.0,0.0,269.36,266.0,10.0,2,9,2021
2441795,22-09-2021,Республика Бурятия,КРАСОТА,29.76,222.0,211.13,214.0,10.0,22,9,2021
2442359,17-09-2021,Республика Бурятия,ОТЕЛИ,41.18,487.0,172.9,235.0,7.9,17,9,2021
2442610,02-09-2021,Республика Бурятия,ЧАСТНЫЕ УСЛУГИ,20.0,94.0,936.22,336.0,8.8,2,9,2021
2442613,11-09-2021,Республика Бурятия,ГОС. СБОРЫ,53.33,121.0,226.32,155.0,6.3,11,9,2021
2444730,23-09-2021,Республика Бурятия,ОТЕЛИ,26.39,329.0,227.82,248.0,9.1,23,9,2021
2446698,23-09-2021,Республика Бурятия,"СВЯЗЬ, ТЕЛЕКОМ",37.04,246.0,181.27,201.0,10.0,23,9,2021
2450959,03-09-2021,Республика Бурятия,ОБРАЗОВАНИЕ,46.15,377.0,407.62,393.0,10.0,3,9,2021
2451370,29-09-2021,Республика Бурятия,ГОС. СБОРЫ,50.0,179.0,380.68,243.0,10.0,29,9,2021
2451626,10-09-2021,Республика Бурятия,DUTY FREE,0.0,,190.47,190.0,2.2,10,9,2021
2451631,22-09-2021,Республика Бурятия,ТОПЛИВО,0.0,,245.21,245.0,8.4,22,9,2021
2451789,04-09-2021,Республика Бурятия,"СВЯЗЬ, ТЕЛЕКОМ",30.77,202.0,196.56,198.0,10.0,4,9,2021
2455737,14-09-2021,Республика Бурятия,СЕРВИС. УСЛУГИ,19.59,139.0,692.34,389.0,10.0,14,9,2021
2458853,24-09-2021,Республика Бурятия,АПТЕКИ,0.0,0.0,288.8,289.0,10.0,24,9,2021
2459362,02-09-2021,Республика Бурятия,ОТЕЛИ,38.89,373.0,145.7,191.0,6.1,2,9,2021
2459368,14-09-2021,Республика Бурятия,АВИАБИЛЕТЫ,37.38,526.0,817.21,677.0,3.5,14,9,2021
2460399,21-09-2021,Республика Бурятия,СУПЕРМАРКЕТЫ,2.19,271.0,264.65,265.0,10.0,21,9,2021
2460912,25-09-2021,Республика Бурятия,СУПЕРМАРКЕТЫ,2.0,270.0,289.17,289.0,10.0,25,9,2021
2461738,18-09-2021,Республика Бурятия,Ж/Д БИЛЕТЫ,75.0,87.0,43.27,70.0,9.0,18,9,2021
2461951,18-09-2021,Республика Бурятия,РЕСТОРАНЫ,0.45,153.0,293.29,292.0,9.2,18,9,2021
2462481,10-09-2021,Республика Бурятия,АВТО УСЛУГИ,11.92,601.0,236.32,255.0,8.3,10,9,2021
2462487,20-09-2021,Республика Бурятия,МУЗЫКА,0.0,0.0,103.52,53.0,3.1,20,9,2021
2464855,20-09-2021,Республика Бурятия,ФАСТФУД,4.0,2176.0,381.94,395.0,10.0,20,9,2021
2465595,25-09-2021,Республика Бурятия,СЕРВИС. УСЛУГИ,35.59,152.0,333.23,234.0,8.8,25,9,2021
2465614,07-09-2021,Республика Бурятия,ТРАНСПОРТ,35.9,253.0,313.48,289.0,10.0,7,9,2021
2466683,05-09-2021,Республика Бурятия,ТУРАГЕНТСТВА,34.78,81.0,78.67,80.0,7.4,5,9,2021
2466878,25-09-2021,Республика Бурятия,АВИАБИЛЕТЫ,50.75,86.0,77.0,81.0,2.3,25,9,2021
2467286,12-09-2021,Республика Бурятия,МЕД. УСЛУГИ,2.94,900.0,116.44,119.0,4.8,12,9,2021
2467576,13-09-2021,Республика Бурятия,СУВЕНИРЫ,0.0,0.0,214.97,204.0,5.3,13,9,2021
2468693,03-09-2021,Республика Бурятия,СПОРТТОВАРЫ,3.64,332.0,244.98,247.0,6.4,3,9,2021
2468697,12-09-2021,Республика Бурятия,"ДОМ, РЕМОНТ",7.37,339.0,255.28,260.0,7.6,12,9,2021
2468714,28-09-2021,Республика Бурятия,АВИАБИЛЕТЫ,41.94,82.0,104.82,94.0,2.2,28,9,2021
2468858,26-09-2021,Республика Бурятия,ЖИВОТНЫЕ,0.0,0.0,360.06,355.0,10.0,26,9,2021
2469331,21-09-2021,Республика Бурятия,ФАСТФУД,5.32,2415.0,314.33,330.0,10.0,21,9,2021
2469470,23-09-2021,Республика Бурятия,КНИГИ,30.43,1124.0,422.9,522.0,10.0,23,9,2021
2471556,24-09-2021,Республика Бурятия,АВТО УСЛУГИ,11.01,643.0,276.23,295.0,8.3,24,9,2021
2471716,06-09-2021,Республика Бурятия,ФАСТФУД,5.23,2216.0,293.45,307.0,10.0,6,9,2021
2472084,06-09-2021,Республика Бурятия,СУВЕНИРЫ,16.67,594.0,154.97,177.0,4.6,6,9,2021
2473822,02-09-2021,Республика Бурятия,НКО,72.73,148.0,32.13,75.0,2.3,2,9,2021
2474207,26-09-2021,Республика Бурятия,"СВЯЗЬ, ТЕЛЕКОМ",35.29,147.0,117.12,126.0,9.2,26,9,2021
2476019,06-09-2021,Республика Бурятия,ТОПЛИВО,0.0,,245.54,246.0,8.6,6,9,2021
2476020,07-09-2021,Республика Бурятия,Ж/Д БИЛЕТЫ,73.68,207.0,109.79,168.0,10.0,7,9,2021
2476021,12-09-2021,Республика Бурятия,ЦВЕТЫ,0.0,0.0,301.19,291.0,1.6,12,9,2021
2476466,20-09-2021,Республика Бурятия,РЕСТОРАНЫ,0.72,152.0,183.19,183.0,8.8,20,9,2021
2476504,04-09-2021,Республика Бурятия,Ж/Д БИЛЕТЫ,80.77,156.0,55.11,115.0,10.0,4,9,2021
2476580,26-09-2021,Республика Бурятия,Ж/Д БИЛЕТЫ,82.86,210.0,64.47,151.0,8.7,26,9,2021
2476741,12-09-2021,Республика Бурятия,"СВЯЗЬ, ТЕЛЕКОМ",45.83,137.0,70.27,91.0,9.6,12,9,2021
2476742,21-09-2021,Республика Бурятия,СУВЕНИРЫ,12.5,583.0,212.81,231.0,3.9,21,9,2021
2477008,05-09-2021,Республика Бурятия,ЧАСТНЫЕ УСЛУГИ,66.67,125.0,155.5,134.0,5.9,5,9,2021
2477567,09-09-2021,Республика Бурятия,МЕД. УСЛУГИ,0.88,903.0,400.02,402.0,10.0,9,9,2021
2478545,15-09-2021,Республика Бурятия,КНИГИ,0.0,0.0,532.94,458.0,10.0,15,9,2021
2478546,17-09-2021,Республика Бурятия,ТОПЛИВО,0.33,,285.56,287.0,9.5,17,9,2021
2479412,19-09-2021,Республика Бурятия,КНИГИ,0.0,0.0,265.68,228.0,7.3,19,9,2021
2479456,01-09-2021,Республика Бурятия,ФАСТФУД,4.91,3469.0,491.1,513.0,10.0,1,9,2021
2479710,28-09-2021,Республика Бурятия,СЕРВИС. УСЛУГИ,34.71,303.0,691.53,478.0,10.0,28,9,2021
2481230,23-09-2021,Республика Бурятия,РАЗВЛЕЧЕНИЯ,65.75,266.0,227.02,251.0,9.8,23,9,2021
2481639,23-09-2021,Республика Бурятия,ЧАСТНЫЕ УСЛУГИ,62.5,153.0,227.88,174.0,7.8,23,9,2021
2481699,19-09-2021,Республика Бурятия,МЕД. УСЛУГИ,6.67,2676.0,146.91,157.0,4.1,19,9,2021
2482071,30-09-2021,Республика Бурятия,ТУРАГЕНТСТВА,64.94,493.0,137.53,259.0,8.6,30,9,2021
2483232,10-09-2021,Республика Бурятия,ГОС. СБОРЫ,61.29,289.0,388.33,320.0,10.0,10,9,2021
2483233,14-09-2021,Республика Бурятия,ТРАНСПОРТ,34.0,304.0,409.91,367.0,10.0,14,9,2021
2484791,04-09-2021,Республика Бурятия,КИНО,14.29,1570.0,245.26,279.0,6.0,4,9,2021
2489710,07-09-2021,Республика Бурятия,СУВЕНИРЫ,0.0,0.0,216.6,206.0,3.8,7,9,2021
2490245,01-09-2021,Республика Бурятия,АПТЕКИ,0.0,0.0,272.68,272.0,9.8,1,9,2021
2491367,29-09-2021,Республика Бурятия,ТОПЛИВО,0.35,,271.25,272.0,8.6,29,9,2021
2492455,19-09-2021,Республика Бурятия,"ОДЕЖДА, ОБУВЬ",8.84,630.0,242.2,256.0,7.6,19,9,2021
2493419,10-09-2021,Республика Бурятия,ФАСТФУД,4.1,2446.0,418.5,433.0,10.0,10,9,2021
2493928,21-09-2021,Республика Бурятия,АРЕНДА АВТО,50.0,210.0,121.9,154.0,6.3,21,9,2021
2494310,11-09-2021,Республика Бурятия,МУЗЫКА,0.0,0.0,156.91,81.0,3.7,11,9,2021
2494567,17-09-2021,Республика Бурятия,"СВЯЗЬ, ТЕЛЕКОМ",34.09,186.0,155.48,165.0,10.0,17,9,2021
2494570,23-09-2021,Республика Бурятия,НКО,57.14,108.0,46.93,69.0,3.1,23,9,2021
2494829,18-09-2021,Республика Бурятия,ГОС. СБОРЫ,42.86,90.0,256.36,143.0,8.4,18,9,2021
2495474,08-09-2021,Республика Бурятия,СУВЕНИРЫ,0.0,0.0,216.21,205.0,5.2,8,9,2021
2496871,28-09-2021,Республика Бурятия,АВТО УСЛУГИ,5.05,359.0,358.93,359.0,8.8,28,9,2021
2497289,23-09-2021,Республика Бурятия,АВТО УСЛУГИ,7.55,412.0,268.39,276.0,8.4,23,9,2021
2497504,18-09-2021,Республика Бурятия,КНИГИ,0.0,0.0,318.84,274.0,10.0,18,9,2021
2497710,11-09-2021,Республика Бурятия,ОТЕЛИ,15.52,158.0,213.63,203.0,9.1,11,9,2021
2498308,30-09-2021,Республика Бурятия,ЦВЕТЫ,10.0,1242.0,408.87,438.0,2.2,30,9,2021
2501038,12-09-2021,Республика Бурятия,ФОТО/ВИДЕО,0.0,0.0,301.79,97.0,8.6,12,9,2021
2502051,02-09-2021,Республика Бурятия,КИНО,28.57,1575.0,102.49,140.0,4.6,2,9,2021
2503821,24-09-2021,Республика Бурятия,ФОТО/ВИДЕО,0.0,0.0,594.48,192.0,10.0,24,9,2021
2503989,03-09-2021,Республика Бурятия,ФАСТФУД,5.94,3211.0,372.05,393.0,10.0,3,9,2021
2505548,26-09-2021,Республика Бурятия,РЕСТОРАНЫ,0.69,152.0,190.22,190.0,7.3,26,9,2021
2508498,10-09-2021,Республика Бурятия,СЕРВИС. УСЛУГИ,22.73,147.0,606.3,354.0,10.0,10,9,2021
2511131,11-09-2021,Республика Бурятия,"СВЯЗЬ, ТЕЛЕКОМ",33.33,237.0,205.48,215.0,10.0,11,9,2021
2511133,21-09-2021,Республика Бурятия,ЧАСТНЫЕ УСЛУГИ,50.0,122.0,304.56,175.0,4.8,21,9,2021
2512710,29-09-2021,Республика Бурятия,НКО,72.09,277.0,62.27,141.0,3.9,29,9,2021
2512728,22-09-2021,Республика Бурятия,Ж/Д БИЛЕТЫ,76.0,138.0,64.62,108.0,9.8,22,9,2021
2513887,06-09-2021,Республика Бурятия,Ж/Д БИЛЕТЫ,79.17,141.0,54.99,106.0,10.0,6,9,2021
2515475,27-09-2021,Республика Бурятия,КНИГИ,7.14,160.0,342.8,317.0,10.0,27,9,2021
2515548,21-09-2021,Республика Бурятия,АПТЕКИ,0.0,0.0,301.95,302.0,10.0,21,9,2021
2515616,02-09-2021,Республика Бурятия,ГОС. СБОРЫ,50.0,200.0,425.64,272.0,9.3,2,9,2021
2516816,21-09-2021,Республика Бурятия,ЦВЕТЫ,20.0,2504.0,366.46,442.0,1.5,21,9,2021
2517114,22-09-2021,Республика Бурятия,ГОС. СБОРЫ,75.0,404.0,287.12,367.0,9.0,22,9,2021
2517194,28-09-2021,Республика Бурятия,ЖИВОТНЫЕ,0.0,0.0,294.05,290.0,8.8,28,9,2021
2517745,02-09-2021,Республика Бурятия,КРАСОТА,44.55,410.0,205.67,264.0,9.1,2,9,2021
2518591,29-09-2021,Республика Бурятия,АПТЕКИ,0.0,0.0,332.75,333.0,10.0,29,9,2021
2519570,25-09-2021,Республика Бурятия,ТУРАГЕНТСТВА,58.54,238.0,86.97,138.0,9.2,25,9,2021
2520852,08-09-2021,Республика Бурятия,АВИАБИЛЕТЫ,51.32,100.0,88.06,94.0,3.5,8,9,2021
2521094,12-09-2021,Республика Бурятия,Ж/Д БИЛЕТЫ,58.33,103.0,109.12,105.0,8.5,12,9,2021
2522171,30-09-2021,Республика Бурятия,"ДОМ, РЕМОНТ",11.86,722.0,321.0,344.0,9.0,30,9,2021
2522222,05-09-2021,Республика Бурятия,Ж/Д БИЛЕТЫ,80.0,119.0,44.06,89.0,7.8,5,9,2021
2523281,28-09-2021,Республика Бурятия,РАЗВЛЕЧЕНИЯ,68.18,414.0,316.77,377.0,10.0,28,9,2021
2523352,19-09-2021,Республика Бурятия,"ДОМ, РЕМОНТ",3.34,165.0,284.75,278.0,7.3,19,9,2021
2524691,09-09-2021,Республика Бурятия,АРЕНДА АВТО,75.0,639.0,123.72,313.0,4.7,9,9,2021
2526033,26-09-2021,Республика Бурятия,ТРАНСПОРТ,58.33,371.0,184.09,261.0,10.0,26,9,2021
2526645,29-09-2021,Республика Бурятия,ЧАСТНЫЕ УСЛУГИ,70.0,213.0,226.78,217.0,6.1,29,9,2021
2526717,20-09-2021,Республика Бурятия,ГОС. СБОРЫ,51.85,210.0,415.94,276.0,10.0,20,9,2021
2527054,10-09-2021,Республика Бурятия,ТУРАГЕНТСТВА,13.95,60.0,192.46,148.0,8.2,10,9,2021
2528433,23-09-2021,Республика Бурятия,АПТЕКИ,0.0,0.0,292.2,292.0,10.0,23,9,2021
2528759,14-09-2021,Республика Бурятия,АПТЕКИ,0.85,4261.0,356.19,359.0,10.0,14,9,2021
2529592,17-09-2021,Республика Бурятия,"ДОМ, РЕМОНТ",4.77,265.0,316.15,313.0,9.1,17,9,2021
2529661,13-09-2021,Республика Бурятия,ЖИВОТНЫЕ,0.0,0.0,232.35,229.0,9.6,13,9,2021
2532089,24-09-2021,Республика Бурятия,ЖИВОТНЫЕ,0.0,0.0,229.17,226.0,7.7,24,9,2021
2532565,13-09-2021,Республика Бурятия,НКО,56.25,82.0,36.96,53.0,2.6,13,9,2021
2532701,11-09-2021,Республика Бурятия,АВТО УСЛУГИ,4.0,235.0,299.98,297.0,8.6,11,9,2021
2532948,08-09-2021,Республика Бурятия,МУЗЫКА,0.0,0.0,157.55,81.0,2.5,8,9,2021
2533362,18-09-2021,Республика Бурятия,СУПЕРМАРКЕТЫ,1.98,283.0,306.87,306.0,10.0,18,9,2021
2533907,02-09-2021,Республика Бурятия,ОБРАЗОВАНИЕ,58.18,671.0,447.28,555.0,10.0,2,9,2021
2536353,11-09-2021,Республика Бурятия,КИНО,16.67,1555.0,202.4,237.0,4.7,11,9,2021
2538031,24-09-2021,Республика Бурятия,ТУРАГЕНТСТВА,7.39,129.0,834.09,594.0,10.0,24,9,2021
2538800,10-09-2021,Республика Бурятия,СУПЕРМАРКЕТЫ,2.3,330.0,307.25,308.0,10.0,10,9,2021
2539184,03-09-2021,Республика Бурятия,"ДОМ, РЕМОНТ",13.59,752.0,286.05,312.0,8.9,3,9,2021
2539339,21-09-2021,Республика Бурятия,"СВЯЗЬ, ТЕЛЕКОМ",35.59,259.0,203.07,220.0,10.0,21,9,2021
2540318,03-09-2021,Республика Бурятия,НКО,37.5,55.0,53.46,54.0,2.7,3,9,2021
2541838,19-09-2021,Республика Бурятия,ТУРАГЕНТСТВА,13.7,100.0,324.48,248.0,9.0,19,9,2021
2542968,28-09-2021,Республика Бурятия,"ДОМ, РЕМОНТ",12.59,724.0,300.6,324.0,8.9,28,9,2021
2545826,06-09-2021,Республика Бурятия,ОБРАЗОВАНИЕ,13.33,125.0,754.59,452.0,10.0,6,9,2021
2547066,18-09-2021,Республика Бурятия,РАЗВЛЕЧЕНИЯ,60.44,306.0,328.63,315.0,10.0,18,9,2021
2547069,21-09-2021,Республика Бурятия,РЕСТОРАНЫ,0.75,152.0,176.27,176.0,8.5,21,9,2021
2547071,25-09-2021,Республика Бурятия,СПОРТТОВАРЫ,4.55,486.0,283.62,289.0,7.9,25,9,2021
2547230,01-09-2021,Республика Бурятия,СУПЕРМАРКЕТЫ,2.1,279.0,283.77,284.0,10.0,1,9,2021
2549119,15-09-2021,Республика Бурятия,ТРАНСПОРТ,45.24,339.0,285.0,307.0,10.0,15,9,2021
2549608,12-09-2021,Республика Бурятия,ТОПЛИВО,0.41,,235.93,237.0,8.9,12,9,2021
2550549,10-09-2021,Республика Бурятия,ТРАНСПОРТ,26.67,360.0,686.26,552.0,10.0,10,9,2021
2552791,08-09-2021,Республика Бурятия,ИСКУССТВО,,0.0,0.0,0.0,4.9,8,9,2021
2552997,20-09-2021,Республика Бурятия,РАЗВЛЕЧЕНИЯ,63.75,283.0,264.32,276.0,10.0,20,9,2021
2553623,09-09-2021,Республика Бурятия,"СВЯЗЬ, ТЕЛЕКОМ",47.06,200.0,97.63,129.0,10.0,9,9,2021
2554146,19-09-2021,Республика Бурятия,РАЗВЛЕЧЕНИЯ,57.29,306.0,374.24,332.0,10.0,19,9,2021
2555059,30-09-2021,Республика Бурятия,ЖИВОТНЫЕ,9.09,2388.0,325.88,354.0,10.0,30,9,2021
2556613,17-09-2021,Республика Бурятия,КИНО,23.53,3083.0,260.89,333.0,5.6,17,9,2021
2556966,15-09-2021,Республика Бурятия,МЕД. УСЛУГИ,2.56,2684.0,399.94,409.0,10.0,15,9,2021
2557866,24-09-2021,Республика Бурятия,АРЕНДА АВТО,66.67,418.0,121.45,230.0,8.0,24,9,2021
2560543,13-09-2021,Республика Бурятия,ТРАНСПОРТ,38.78,341.0,373.36,360.0,10.0,13,9,2021
2560579,27-09-2021,Республика Бурятия,"ДОМ, РЕМОНТ",10.33,554.0,287.72,303.0,8.6,27,9,2021
2560897,13-09-2021,Республика Бурятия,ИСКУССТВО,,0.0,0.0,0.0,0.2,13,9,2021
2560901,23-09-2021,Республика Бурятия,"ОДЕЖДА, ОБУВЬ",5.68,482.0,298.5,305.0,7.8,23,9,2021
2560963,15-09-2021,Республика Бурятия,ФОТО/ВИДЕО,33.33,143.0,600.13,291.0,10.0,15,9,2021
2561235,19-09-2021,Республика Бурятия,СЕРВИС. УСЛУГИ,17.54,73.0,414.93,227.0,7.0,19,9,2021
2562834,08-09-2021,Республика Бурятия,ФОТО/ВИДЕО,13.33,145.0,1970.2,734.0,10.0,8,9,2021
2562844,25-09-2021,Республика Бурятия,ОТЕЛИ,14.63,104.0,150.21,141.0,8.7,25,9,2021
2563872,16-09-2021,Республика Бурятия,ТОПЛИВО,0.0,,261.06,261.0,9.3,16,9,2021
2564190,08-09-2021,Республика Бурятия,СУПЕРМАРКЕТЫ,3.76,441.0,247.39,252.0,10.0,8,9,2021
2564810,21-09-2021,Республика Бурятия,МУЗЫКА,0.0,0.0,155.07,80.0,4.2,21,9,2021
2565225,27-09-2021,Республика Бурятия,АВТО УСЛУГИ,5.08,308.0,306.0,306.0,9.1,27,9,2021
2565419,18-09-2021,Республика Бурятия,ЦВЕТЫ,10.53,1256.0,390.49,421.0,2.1,18,9,2021
2565688,09-09-2021,Республика Бурятия,АВТО УСЛУГИ,15.66,812.0,232.63,262.0,8.3,9,9,2021
2566534,11-09-2021,Республика Бурятия,АРЕНДА АВТО,33.33,212.0,246.69,234.0,6.4,11,9,2021
2566710,06-09-2021,Республика Бурятия,ТРАНСПОРТ,38.1,290.0,326.56,311.0,10.0,6,9,2021
2567103,03-09-2021,Республика Бурятия,КРАСОТА,19.48,136.0,227.28,201.0,9.9,3,9,2021
2567626,20-09-2021,Республика Бурятия,КИНО,14.29,769.0,120.18,137.0,3.8,20,9,2021
2567959,13-09-2021,Республика Бурятия,КНИГИ,3.57,163.0,722.61,643.0,10.0,13,9,2021
2569180,17-09-2021,Республика Бурятия,АРЕНДА АВТО,66.67,421.0,122.3,232.0,5.2,17,9,2021
2569699,21-09-2021,Республика Бурятия,НКО,75.0,243.0,47.04,119.0,3.4,21,9,2021
2569989,01-09-2021,Республика Бурятия,МУЗЫКА,0.0,0.0,159.14,82.0,4.4,1,9,2021
2570408,04-09-2021,Республика Бурятия,ЦВЕТЫ,0.0,0.0,397.82,384.0,1.6,4,9,2021
2570409,05-09-2021,Республика Бурятия,ЖИВОТНЫЕ,0.0,0.0,335.55,331.0,9.7,5,9,2021
2571063,23-09-2021,Республика Бурятия,СУПЕРМАРКЕТЫ,1.6,206.0,277.06,276.0,10.0,23,9,2021
2571097,26-09-2021,Республика Бурятия,ОТЕЛИ,19.4,225.0,231.78,230.0,9.2,26,9,2021
2572870,01-09-2021,Республика Бурятия,ГОС. СБОРЫ,57.69,231.0,360.69,272.0,8.7,1,9,2021
2576478,26-09-2021,Республика Бурятия,МЕД. УСЛУГИ,15.79,5317.0,111.19,132.0,4.3,26,9,2021
2577138,08-09-2021,Республика Бурятия,КНИГИ,14.81,654.0,619.09,624.0,10.0,8,9,2021
2577147,27-09-2021,Республика Бурятия,ТОПЛИВО,0.38,,246.34,247.0,8.3,27,9,2021
2577149,29-09-2021,Республика Бурятия,КНИГИ,11.76,320.0,394.55,384.0,10.0,29,9,2021
2577171,08-09-2021,Республика Бурятия,НКО,11.54,27.0,122.13,87.0,3.1,8,9,2021
2577174,12-09-2021,Республика Бурятия,ЖИВОТНЫЕ,0.0,0.0,332.39,328.0,10.0,12,9,2021
2577205,01-09-2021,Республика Бурятия,СЕРВИС. УСЛУГИ,16.88,97.0,578.2,314.0,10.0,1,9,2021
2577207,04-09-2021,Республика Бурятия,КРАСОТА,23.26,182.0,241.69,224.0,10.0,4,9,2021
2577216,21-09-2021,Республика Бурятия,МЕД. УСЛУГИ,0.0,0.0,432.52,431.0,10.0,21,9,2021
2577241,16-09-2021,Республика Бурятия,МЕД. УСЛУГИ,0.0,0.0,409.95,408.0,10.0,16,9,2021
2577986,14-09-2021,Республика Бурятия,ЖИВОТНЫЕ,0.0,0.0,331.3,327.0,10.0,14,9,2021
2579092,29-09-2021,Республика Бурятия,ФАСТФУД,5.03,2397.0,331.35,346.0,10.0,29,9,2021
2579393,21-09-2021,Республика Бурятия,Ж/Д БИЛЕТЫ,79.41,196.0,75.51,147.0,10.0,21,9,2021
2580609,27-09-2021,Республика Бурятия,АВИАБИЛЕТЫ,42.26,89.0,113.08,102.0,2.8,27,9,2021
2581488,30-09-2021,Республика Бурятия,СУПЕРМАРКЕТЫ,8.62,1087.0,252.33,270.0,10.0,30,9,2021
2583360,21-09-2021,Республика Бурятия,КРАСОТА,23.61,151.0,197.13,184.0,8.9,21,9,2021
2583414,14-09-2021,Республика Бурятия,СПОРТТОВАРЫ,20.0,819.0,91.13,111.0,3.7,14,9,2021
2583776,20-09-2021,Республика Бурятия,АРЕНДА АВТО,50.0,210.0,122.06,154.0,5.2,20,9,2021
2584151,22-09-2021,Республика Бурятия,МЕД. УСЛУГИ,0.76,888.0,456.2,458.0,10.0,22,9,2021
2584428,18-09-2021,Республика Бурятия,"СВЯЗЬ, ТЕЛЕКОМ",30.95,161.0,155.42,157.0,10.0,18,9,2021
2585048,02-09-2021,Республика Бурятия,РЕСТОРАНЫ,0.0,0.0,169.67,168.0,8.4,2,9,2021
2586856,12-09-2021,Республика Бурятия,АВИАБИЛЕТЫ,67.96,89.0,39.1,63.0,2.2,12,9,2021
2588157,17-09-2021,Республика Бурятия,АВИАБИЛЕТЫ,35.82,317.0,526.44,426.0,4.5,17,9,2021
2588267,06-09-2021,Республика Бурятия,ЖИВОТНЫЕ,0.0,0.0,301.5,297.0,10.0,6,9,2021
2589730,06-09-2021,Республика Бурятия,"ДОМ, РЕМОНТ",8.32,415.0,273.39,281.0,9.1,6,9,2021
2589734,13-09-2021,Республика Бурятия,АВТО УСЛУГИ,24.41,1903.0,313.35,394.0,9.8,13,9,2021
2590374,14-09-2021,Республика Бурятия,КНИГИ,10.0,325.0,480.81,459.0,10.0,14,9,2021
2590696,08-09-2021,Республика Бурятия,РЕСТОРАНЫ,0.75,155.0,180.44,180.0,8.5,8,9,2021
2591651,16-09-2021,Республика Бурятия,ТУРАГЕНТСТВА,39.29,330.0,263.12,286.0,10.0,16,9,2021
2592847,29-09-2021,Республика Бурятия,КИНО,20.0,763.0,79.44,97.0,3.7,29,9,2021
2593068,18-09-2021,Республика Бурятия,СЕРВИС. УСЛУГИ,42.98,356.0,573.89,454.0,8.9,18,9,2021
2593150,20-09-2021,Республика Бурятия,СУВЕНИРЫ,0.0,0.0,152.21,145.0,5.3,20,9,2021
2595101,06-09-2021,Республика Бурятия,СУПЕРМАРКЕТЫ,2.77,354.0,272.47,274.0,10.0,6,9,2021
2595459,28-09-2021,Республика Бурятия,ТОПЛИВО,0.37,,254.62,256.0,8.3,28,9,2021
2595825,22-09-2021,Республика Бурятия,АРЕНДА АВТО,33.33,210.0,243.42,231.0,5.2,22,9,2021
2595904,16-09-2021,Республика Бурятия,КИНО,30.77,3087.0,180.85,255.0,4.7,16,9,2021
2596175,25-09-2021,Республика Бурятия,ОБРАЗОВАНИЕ,22.41,265.0,850.69,569.0,10.0,25,9,2021
2596261,27-09-2021,Республика Бурятия,АПТЕКИ,3.57,16823.0,324.57,336.0,10.0,27,9,2021
2597118,02-09-2021,Республика Бурятия,АВТО УСЛУГИ,4.62,291.0,319.26,318.0,8.3,2,9,2021
2597421,27-09-2021,Республика Бурятия,СПОРТТОВАРЫ,2.5,162.0,175.43,175.0,5.0,27,9,2021
2597902,01-09-2021,Республика Бурятия,ТОПЛИВО,0.38,,254.97,256.0,9.1,1,9,2021
2599456,12-09-2021,Республика Бурятия,ФАСТФУД,6.49,3664.0,385.84,410.0,10.0,12,9,2021
2599596,17-09-2021,Республика Бурятия,ИСКУССТВО,,0.0,0.0,0.0,1.3,17,9,2021
2600101,13-09-2021,Республика Бурятия,"ОДЕЖДА, ОБУВЬ",8.38,537.0,219.1,231.0,6.9,13,9,2021
2600501,24-09-2021,Республика Бурятия,ОТЕЛИ,27.14,328.0,218.93,241.0,9.3,24,9,2021
2601148,29-09-2021,Республика Бурятия,ЦВЕТЫ,4.0,622.0,545.74,548.0,1.6,29,9,2021
2601233,13-09-2021,Республика Бурятия,ФОТО/ВИДЕО,20.0,144.0,1205.5,487.0,10.0,13,9,2021
2601600,12-09-2021,Республика Бурятия,СУПЕРМАРКЕТЫ,3.0,351.0,248.24,250.0,10.0,12,9,2021
2601831,28-09-2021,Республика Бурятия,DUTY FREE,0.0,,374.0,374.0,2.6,28,9,2021
2602449,12-09-2021,Республика Бурятия,АВТО УСЛУГИ,5.84,235.0,201.32,203.0,7.4,12,9,2021
2602893,07-09-2021,Республика Бурятия,ОБРАЗОВАНИЕ,34.04,333.0,598.8,471.0,10.0,7,9,2021
2602932,22-09-2021,Республика Бурятия,АВТО УСЛУГИ,7.93,464.0,286.41,295.0,8.6,22,9,2021
2603412,17-09-2021,Республика Бурятия,СПОРТТОВАРЫ,5.88,489.0,217.64,225.0,6.7,17,9,2021
2603725,15-09-2021,Республика Бурятия,РАЗВЛЕЧЕНИЯ,73.21,458.0,274.65,388.0,10.0,15,9,2021
2604015,08-09-2021,Республика Бурятия,АВТО УСЛУГИ,3.76,184.0,249.61,246.0,8.1,8,9,2021
2604154,15-09-2021,Республика Бурятия,РЕСТОРАНЫ,0.7,153.0,189.38,189.0,9.1,15,9,2021
2605398,09-09-2021,Республика Бурятия,РАЗВЛЕЧЕНИЯ,62.5,282.0,277.14,280.0,10.0,9,9,2021
2605406,22-09-2021,Республика Бурятия,РЕСТОРАНЫ,0.71,152.0,185.32,185.0,8.8,22,9,2021
2606623,16-09-2021,Республика Бурятия,ЦВЕТЫ,5.88,629.0,368.12,377.0,1.7,16,9,2021
2606989,27-09-2021,Республика Бурятия,РАЗВЛЕЧЕНИЯ,57.38,193.0,235.55,209.0,9.3,27,9,2021
2609265,08-09-2021,Республика Бурятия,ОБРАЗОВАНИЕ,39.66,478.0,674.86,580.0,10.0,8,9,2021
2610048,01-09-2021,Республика Бурятия,ФОТО/ВИДЕО,0.0,0.0,459.24,148.0,10.0,1,9,2021
2610564,13-09-2021,Республика Бурятия,РАЗВЛЕЧЕНИЯ,64.79,258.0,229.87,247.0,9.7,13,9,2021
2610673,22-09-2021,Республика Бурятия,РАЗВЛЕЧЕНИЯ,67.59,404.0,318.07,372.0,10.0,22,9,2021
2612286,10-09-2021,Республика Бурятия,ИСКУССТВО,0.0,0.0,24659.74,11097.0,1.3,10,9,2021
2612507,02-09-2021,Республика Бурятия,СУВЕНИРЫ,16.67,597.0,155.76,178.0,4.6,2,9,2021
2612787,19-09-2021,Республика Бурятия,"СВЯЗЬ, ТЕЛЕКОМ",27.5,136.0,155.41,150.0,9.7,19,9,2021
2612948,19-09-2021,Республика Бурятия,ОБРАЗОВАНИЕ,52.94,554.0,456.76,504.0,10.0,19,9,2021
2613108,01-09-2021,Республика Бурятия,ЧАСТНЫЕ УСЛУГИ,33.33,31.0,156.27,67.0,6.1,1,9,2021
2613635,19-09-2021,Республика Бурятия,СПОРТТОВАРЫ,1.54,163.0,290.06,287.0,7.4,19,9,2021
2613834,05-09-2021,Республика Бурятия,СУПЕРМАРКЕТЫ,1.47,166.0,243.57,242.0,10.0,5,9,2021
2613835,07-09-2021,Республика Бурятия,DUTY FREE,0.0,,255.22,255.0,1.7,7,9,2021
2613837,15-09-2021,Республика Бурятия,ФАСТФУД,5.53,2914.0,364.1,383.0,10.0,15,9,2021
2616843,09-09-2021,Республика Бурятия,ТРАНСПОРТ,37.21,288.0,337.6,317.0,10.0,9,9,2021
2617159,26-09-2021,Республика Бурятия,РАЗВЛЕЧЕНИЯ,57.69,249.0,299.22,268.0,10.0,26,9,2021
2617630,11-09-2021,Республика Бурятия,ТРАНСПОРТ,51.22,377.0,249.32,302.0,10.0,11,9,2021
2617664,19-09-2021,Республика Бурятия,АПТЕКИ,0.0,0.0,218.01,218.0,9.2,19,9,2021
2618834,04-09-2021,Республика Бурятия,ЧАСТНЫЕ УСЛУГИ,25.0,63.0,466.76,179.0,6.8,4,9,2021
2619330,09-09-2021,Республика Бурятия,КНИГИ,0.0,0.0,457.11,393.0,10.0,9,9,2021
2619678,19-09-2021,Республика Бурятия,ФОТО/ВИДЕО,0.0,0.0,747.94,242.0,7.8,19,9,2021
2619801,25-09-2021,Республика Бурятия,"ОДЕЖДА, ОБУВЬ",5.43,529.0,344.11,351.0,9.5,25,9,2021
2620490,08-09-2021,Республика Бурятия,МЕД. УСЛУГИ,0.96,904.0,365.01,367.0,10.0,8,9,2021
2620500,24-09-2021,Республика Бурятия,КРАСОТА,16.22,106.0,221.4,188.0,10.0,24,9,2021
2620721,26-09-2021,Республика Бурятия,СУПЕРМАРКЕТЫ,1.38,162.0,252.98,251.0,10.0,26,9,2021
2620828,14-09-2021,Республика Бурятия,АРЕНДА АВТО,0.0,0.0,122.91,78.0,7.0,14,9,2021
2621490,11-09-2021,Республика Бурятия,СЕРВИС. УСЛУГИ,23.73,103.0,400.86,237.0,10.0,11,9,2021
2621893,15-09-2021,Республика Бурятия,МУЗЫКА,0.0,0.0,155.97,80.0,3.1,15,9,2021
2622746,30-09-2021,Республика Бурятия,МУЗЫКА,0.0,0.0,153.79,79.0,4.8,30,9,2021
2623219,24-09-2021,Республика Бурятия,"ОДЕЖДА, ОБУВЬ",7.77,626.0,277.15,290.0,8.0,24,9,2021
2623584,13-09-2021,Республика Бурятия,АРЕНДА АВТО,0.0,0.0,123.14,78.0,7.0,13,9,2021
2625923,04-09-2021,Республика Бурятия,"ОДЕЖДА, ОБУВЬ",8.11,658.0,278.07,292.0,8.8,4,9,2021
2626104,22-09-2021,Республика Бурятия,ОБРАЗОВАНИЕ,27.12,327.0,814.77,580.0,10.0,22,9,2021
2626247,13-09-2021,Республика Бурятия,КИНО,33.33,2328.0,121.24,177.0,3.3,13,9,2021
2626706,29-09-2021,Республика Бурятия,"ДОМ, РЕМОНТ",9.9,574.0,312.44,327.0,8.6,29,9,2021
2627241,11-09-2021,Республика Бурятия,ТОПЛИВО,0.35,,272.59,274.0,9.2,11,9,2021
2628121,24-09-2021,Республика Бурятия,СПОРТТОВАРЫ,4.55,324.0,189.12,193.0,5.7,24,9,2021
2628631,12-09-2021,Республика Бурятия,ТРАНСПОРТ,52.78,341.0,211.86,265.0,10.0,12,9,2021
2628632,13-09-2021,Республика Бурятия,ТОПЛИВО,0.0,,243.3,243.0,9.0,13,9,2021
2628667,09-09-2021,Республика Бурятия,ФАСТФУД,4.74,2206.0,324.39,338.0,10.0,9,9,2021
2629096,03-09-2021,Республика Бурятия,ЧАСТНЫЕ УСЛУГИ,50.0,63.0,155.74,89.0,6.5,3,9,2021
2629102,19-09-2021,Республика Бурятия,ЧАСТНЫЕ УСЛУГИ,18.18,61.0,687.17,241.0,5.7,19,9,2021
2629548,15-09-2021,Республика Бурятия,ОТЕЛИ,46.3,436.0,125.67,187.0,7.5,15,9,2021
2629733,21-09-2021,Республика Бурятия,"ДОМ, РЕМОНТ",12.19,528.0,227.59,245.0,8.3,21,9,2021
2632781,19-09-2021,Республика Бурятия,КРАСОТА,7.58,45.0,219.25,169.0,10.0,19,9,2021
2633327,22-09-2021,Республика Бурятия,ЖИВОТНЫЕ,0.0,0.0,229.65,227.0,10.0,22,9,2021
2633932,17-09-2021,Республика Бурятия,АПТЕКИ,0.89,4239.0,336.24,339.0,10.0,17,9,2021
2635027,09-09-2021,Республика Бурятия,ФОТО/ВИДЕО,0.0,0.0,454.18,147.0,10.0,9,9,2021
2637179,30-09-2021,Республика Бурятия,АПТЕКИ,3.48,16763.0,332.4,344.0,10.0,30,9,2021
2638059,20-09-2021,Республика Бурятия,КРАСОТА,21.92,143.0,204.57,187.0,10.0,20,9,2021
2638608,18-09-2021,Республика Бурятия,МЕД. УСЛУГИ,0.0,0.0,181.9,181.0,7.2,18,9,2021
2638738,09-09-2021,Республика Бурятия,"ОДЕЖДА, ОБУВЬ",12.1,801.0,217.08,238.0,7.8,9,9,2021
2638745,23-09-2021,Республика Бурятия,АВИАБИЛЕТЫ,44.29,117.0,136.72,127.0,3.8,23,9,2021
2639824,27-09-2021,Республика Бурятия,ФАСТФУД,4.98,2403.0,335.69,351.0,10.0,27,9,2021
2639875,09-09-2021,Республика Бурятия,СЕРВИС. УСЛУГИ,26.09,177.0,607.57,371.0,10.0,9,9,2021
2639989,02-09-2021,Республика Бурятия,АВИАБИЛЕТЫ,43.86,129.0,153.63,142.0,4.3,2,9,2021
2640108,07-09-2021,Республика Бурятия,КИНО,20.0,782.0,81.44,99.0,3.8,7,9,2021
2640792,02-09-2021,Республика Бурятия,Ж/Д БИЛЕТЫ,77.78,156.0,66.32,120.0,7.8,2,9,2021
2642281,20-09-2021,Республика Бурятия,АВИАБИЛЕТЫ,49.22,80.0,76.24,78.0,2.6,20,9,2021
2642282,20-09-2021,Республика Бурятия,СЕРВИС. УСЛУГИ,23.0,167.0,678.78,398.0,9.6,20,9,2021
2642495,26-09-2021,Республика Бурятия,ОБРАЗОВАНИЕ,27.27,184.0,453.73,324.0,10.0,26,9,2021
2643156,14-09-2021,Республика Бурятия,"СВЯЗЬ, ТЕЛЕКОМ",27.78,187.0,210.13,203.0,10.0,14,9,2021
2643293,18-09-2021,Республика Бурятия,ОТЕЛИ,22.81,226.0,190.13,197.0,10.0,18,9,2021
2644194,29-09-2021,Республика Бурятия,АВТО УСЛУГИ,5.69,410.0,361.11,364.0,9.0,29,9,2021
2644360,26-09-2021,Республика Бурятия,ФАСТФУД,5.74,2887.0,346.54,365.0,10.0,26,9,2021
2647271,22-09-2021,Республика Бурятия,ЦВЕТЫ,0.0,0.0,365.88,353.0,1.5,22,9,2021
2647688,30-09-2021,Республика Бурятия,СЕРВИС. УСЛУГИ,37.06,525.0,1082.64,777.0,10.0,30,9,2021
2647922,17-09-2021,Республика Бурятия,АВТО УСЛУГИ,4.15,207.0,254.74,252.0,8.7,17,9,2021
2648306,08-09-2021,Республика Бурятия,ТУРАГЕНТСТВА,29.27,121.0,151.33,141.0,8.0,8,9,2021
2648908,08-09-2021,Республика Бурятия,КИНО,33.33,1561.0,81.29,119.0,2.6,8,9,2021
2649001,02-09-2021,Республика Бурятия,СУПЕРМАРКЕТЫ,2.32,289.0,266.55,267.0,10.0,2,9,2021
2649554,28-09-2021,Республика Бурятия,ГОС. СБОРЫ,44.07,388.0,1048.44,599.0,10.0,28,9,2021
2650243,28-09-2021,Республика Бурятия,ФОТО/ВИДЕО,20.0,71.0,593.28,240.0,10.0,28,9,2021
2650282,20-09-2021,Республика Бурятия,"ОДЕЖДА, ОБУВЬ",10.51,596.0,189.5,204.0,6.9,20,9,2021
2652175,27-09-2021,Республика Бурятия,ЦВЕТЫ,4.35,623.0,501.51,506.0,2.3,27,9,2021
2652382,11-09-2021,Республика Бурятия,АПТЕКИ,0.0,0.0,244.42,244.0,9.6,11,9,2021
2652912,15-09-2021,Республика Бурятия,АВТО УСЛУГИ,8.46,441.0,254.01,263.0,8.6,15,9,2021
2653022,20-09-2021,Республика Бурятия,СПОРТТОВАРЫ,9.09,651.0,181.02,194.0,5.5,20,9,2021
2653023,21-09-2021,Республика Бурятия,АВИАБИЛЕТЫ,44.0,111.0,131.19,122.0,3.6,21,9,2021
2655248,28-09-2021,Республика Бурятия,ЦВЕТЫ,35.29,3735.0,250.51,373.0,1.7,28,9,2021
2656180,06-09-2021,Республика Бурятия,КРАСОТА,9.09,54.0,219.24,172.0,9.7,6,9,2021
2656959,28-09-2021,Республика Бурятия,РЕСТОРАНЫ,0.76,151.0,173.94,174.0,8.7,28,9,2021
2657127,24-09-2021,Республика Бурятия,СУПЕРМАРКЕТЫ,1.56,216.0,298.47,297.0,10.0,24,9,2021
2657675,01-09-2021,Республика Бурятия,Ж/Д БИЛЕТЫ,71.43,149.0,88.56,125.0,10.0,1,9,2021
2658617,11-09-2021,Республика Бурятия,ОБРАЗОВАНИЕ,43.59,352.0,422.47,389.0,10.0,11,9,2021
2658833,21-09-2021,Республика Бурятия,ОБРАЗОВАНИЕ,55.36,635.0,474.46,552.0,10.0,21,9,2021
2658844,03-09-2021,Республика Бурятия,ГОС. СБОРЫ,64.29,414.0,490.2,438.0,9.7,3,9,2021
2659156,22-09-2021,Республика Бурятия,ФОТО/ВИДЕО,0.0,0.0,297.86,96.0,10.0,22,9,2021
2660366,01-09-2021,Республика Бурятия,КРАСОТА,16.13,91.0,191.26,163.0,9.8,1,9,2021
2661303,01-09-2021,Республика Бурятия,АВТО УСЛУГИ,4.91,371.0,381.71,381.0,8.0,1,9,2021
2661304,02-09-2021,Республика Бурятия,СЕРВИС. УСЛУГИ,22.86,119.0,487.13,285.0,10.0,2,9,2021
2661701,11-09-2021,Республика Бурятия,ФОТО/ВИДЕО,0.0,0.0,603.75,195.0,10.0,11,9,2021
2662200,22-09-2021,Республика Бурятия,СЕРВИС. УСЛУГИ,21.0,152.0,694.38,397.0,10.0,22,9,2021
2663974,07-09-2021,Республика Бурятия,СУПЕРМАРКЕТЫ,1.66,199.0,257.99,257.0,10.0,7,9,2021
2664150,14-09-2021,Республика Бурятия,"ОДЕЖДА, ОБУВЬ",8.38,536.0,218.68,230.0,7.2,14,9,2021
2664435,23-09-2021,Республика Бурятия,ТРАНСПОРТ,41.67,354.0,344.15,348.0,10.0,23,9,2021
2665495,16-09-2021,Республика Бурятия,СПОРТТОВАРЫ,3.85,327.0,227.0,230.0,5.5,16,9,2021
2667416,10-09-2021,Республика Бурятия,ЧАСТНЫЕ УСЛУГИ,62.5,155.0,231.34,177.0,5.8,10,9,2021
2667419,17-09-2021,Республика Бурятия,Ж/Д БИЛЕТЫ,78.95,109.0,43.29,83.0,9.0,17,9,2021
2667901,17-09-2021,Республика Бурятия,РЕСТОРАНЫ,0.43,153.0,313.48,312.0,9.7,17,9,2021
2667902,26-09-2021,Республика Бурятия,ИСКУССТВО,,0.0,0.0,0.0,3.6,26,9,2021
2667952,02-09-2021,Республика Бурятия,МУЗЫКА,33.33,56.0,105.93,82.0,2.6,2,9,2021
2668240,28-09-2021,Республика Бурятия,ФАСТФУД,5.47,2641.0,333.61,350.0,10.0,28,9,2021
2668962,07-09-2021,Республика Бурятия,РАЗВЛЕЧЕНИЯ,64.79,260.0,231.61,249.0,10.0,7,9,2021
2670348,14-09-2021,Республика Бурятия,КИНО,33.33,1549.0,80.67,118.0,3.2,14,9,2021
2670896,16-09-2021,Республика Бурятия,ОТЕЛИ,26.67,209.0,142.83,156.0,8.5,16,9,2021
2671324,11-09-2021,Республика Бурятия,КНИГИ,25.0,977.0,482.53,552.0,10.0,11,9,2021
2671884,17-09-2021,Республика Бурятия,ФАСТФУД,4.98,3149.0,439.35,459.0,10.0,17,9,2021
2672488,25-09-2021,Республика Бурятия,АВТО УСЛУГИ,8.2,514.0,306.25,317.0,8.3,25,9,2021
2672583,23-09-2021,Республика Бурятия,ЦВЕТЫ,0.0,0.0,342.75,331.0,1.8,23,9,2021
2672669,26-09-2021,Республика Бурятия,ЧАСТНЫЕ УСЛУГИ,50.0,122.0,303.39,174.0,5.5,26,9,2021
2673824,25-09-2021,Республика Бурятия,МЕД. УСЛУГИ,1.22,886.0,281.42,284.0,8.7,25,9,2021
2674076,29-09-2021,Республика Бурятия,ТРАНСПОРТ,43.48,353.0,318.02,332.0,10.0,29,9,2021
2674495,11-09-2021,Республика Бурятия,АВИАБИЛЕТЫ,57.14,77.0,53.33,65.0,2.5,11,9,2021
2675296,26-09-2021,Республика Бурятия,АРЕНДА АВТО,50.0,418.0,242.87,307.0,7.4,26,9,2021
2675298,06-09-2021,Республика Бурятия,ЦВЕТЫ,26.67,2553.0,256.85,338.0,0.7,6,9,2021
2675353,08-09-2021,Республика Бурятия,ФАСТФУД,4.79,2208.0,321.14,335.0,10.0,8,9,2021
2675372,09-09-2021,Республика Бурятия,Ж/Д БИЛЕТЫ,70.37,140.0,87.58,119.0,10.0,9,9,2021
2678675,24-09-2021,Республика Бурятия,ТРАНСПОРТ,45.83,389.0,319.14,348.0,10.0,24,9,2021
2680927,27-09-2021,Республика Бурятия,ЖИВОТНЫЕ,0.0,0.0,228.93,226.0,8.9,27,9,2021
2682867,04-09-2021,Республика Бурятия,ТРАНСПОРТ,43.9,327.0,289.51,305.0,10.0,4,9,2021
2682871,11-09-2021,Республика Бурятия,ЦВЕТЫ,10.53,1267.0,393.98,425.0,1.8,11,9,2021
2685309,08-09-2021,Республика Бурятия,ГОС. СБОРЫ,53.33,366.0,681.73,467.0,10.0,8,9,2021
2685959,03-09-2021,Республика Бурятия,АПТЕКИ,0.0,0.0,281.02,281.0,9.8,3,9,2021
2687881,05-09-2021,Республика Бурятия,АВТО УСЛУГИ,4.0,184.0,235.47,233.0,6.8,5,9,2021
2688563,27-09-2021,Республика Бурятия,ТРАНСПОРТ,34.69,300.0,392.38,355.0,10.0,27,9,2021
2690837,30-09-2021,Республика Бурятия,"СВЯЗЬ, ТЕЛЕКОМ",37.5,257.0,185.5,207.0,10.0,30,9,2021
2695061,27-09-2021,Республика Бурятия,СУПЕРМАРКЕТЫ,2.65,335.0,269.31,271.0,10.0,27,9,2021
2696926,19-09-2021,Республика Бурятия,ЦВЕТЫ,18.75,1883.0,298.58,355.0,1.8,19,9,2021
2697514,16-09-2021,Республика Бурятия,ФОТО/ВИДЕО,0.0,0.0,749.23,242.0,10.0,16,9,2021
2698018,17-09-2021,Республика Бурятия,КНИГИ,6.67,162.0,372.11,342.0,10.0,17,9,2021
2698700,12-09-2021,Республика Бурятия,ОТЕЛИ,12.77,105.0,178.7,164.0,7.6,12,9,2021
2698773,10-09-2021,Республика Бурятия,КИНО,11.11,778.0,162.07,178.0,4.2,10,9,2021
2698774,11-09-2021,Республика Бурятия,ИСКУССТВО,,0.0,0.0,0.0,4.8,11,9,2021
2699830,26-09-2021,Республика Бурятия,DUTY FREE,0.0,,249.8,250.0,3.5,26,9,2021
2700264,04-09-2021,Республика Бурятия,ФОТО/ВИДЕО,0.0,0.0,304.82,98.0,8.7,4,9,2021
2701067,06-09-2021,Республика Бурятия,ГОС. СБОРЫ,64.29,275.0,325.75,291.0,7.7,6,9,2021
2704243,26-09-2021,Республика Бурятия,ТУРАГЕНТСТВА,33.33,168.0,173.96,172.0,9.2,26,9,2021
2704679,13-09-2021,Республика Бурятия,КРАСОТА,17.81,117.0,217.24,188.0,9.2,13,9,2021
2707825,01-09-2021,Республика Бурятия,ЦВЕТЫ,6.38,1927.0,1034.18,1066.0,3.9,1,9,2021
2708953,02-09-2021,Республика Бурятия,АРЕНДА АВТО,66.67,430.0,124.91,237.0,7.7,2,9,2021
2710908,02-09-2021,Республика Бурятия,ТРАНСПОРТ,40.0,291.0,302.98,298.0,10.0,2,9,2021
2712279,30-09-2021,Республика Бурятия,АРЕНДА АВТО,28.57,416.0,604.49,535.0,7.4,30,9,2021
2713404,11-09-2021,Республика Бурятия,Ж/Д БИЛЕТЫ,61.9,95.0,87.32,92.0,9.9,11,9,2021
2715315,18-09-2021,Республика Бурятия,ТУРАГЕНТСТВА,18.75,120.0,267.85,217.0,10.0,18,9,2021
2716947,06-09-2021,Республика Бурятия,ОТЕЛИ,18.87,177.0,188.88,186.0,7.4,6,9,2021
2717723,03-09-2021,Республика Бурятия,Ж/Д БИЛЕТЫ,72.73,119.0,66.19,98.0,9.2,3,9,2021
2720146,04-09-2021,Республика Бурятия,КНИГИ,4.55,164.0,568.45,511.0,9.8,4,9,2021
2722860,11-09-2021,Республика Бурятия,РЕСТОРАНЫ,0.5,154.0,268.88,268.0,9.2,11,9,2021
2724452,17-09-2021,Республика Бурятия,РАЗВЛЕЧЕНИЯ,76.85,462.0,228.29,373.0,10.0,17,9,2021
2725003,17-09-2021,Республика Бурятия,ЦВЕТЫ,13.04,1884.0,459.56,510.0,2.3,17,9,2021
2727532,18-09-2021,Республика Бурятия,ТОПЛИВО,0.35,,269.23,270.0,9.3,18,9,2021
2733937,23-09-2021,Республика Бурятия,ЖИВОТНЫЕ,0.0,0.0,295.04,291.0,10.0,23,9,2021
2735331,15-09-2021,Республика Бурятия,ИСКУССТВО,,0.0,0.0,0.0,0.2,15,9,2021
2735920,07-09-2021,Республика Бурятия,"ДОМ, РЕМОНТ",7.25,414.0,316.83,322.0,9.4,7,9,2021
2742085,22-09-2021,Республика Бурятия,ТУРАГЕНТСТВА,24.14,139.0,225.63,196.0,10.0,22,9,2021
2749460,29-09-2021,Республика Бурятия,ИСКУССТВО,,0.0,0.0,0.0,0.1,29,9,2021
2752106,19-09-2021,Республика Бурятия,ГОС. СБОРЫ,70.0,105.0,96.13,102.0,4.8,19,9,2021
2756658,12-09-2021,Республика Бурятия,КНИГИ,4.76,163.0,536.0,483.0,9.5,12,9,2021
2767594,04-09-2021,Республика Бурятия,РЕСТОРАНЫ,0.6,156.0,227.85,227.0,8.6,4,9,2021
2770555,20-09-2021,Республика Бурятия,ОБРАЗОВАНИЕ,38.0,390.0,589.11,493.0,10.0,20,9,2021
2773477,22-09-2021,Республика Бурятия,АВИАБИЛЕТЫ,46.04,117.0,127.47,123.0,2.7,22,9,2021
2785695,18-09-2021,Республика Бурятия,All,9.0,167.0,266.0,252.0,10.0,18,9,2021
2794677,05-09-2021,Республика Бурятия,All,11.18,181.0,226.0,220.0,10.0,5,9,2021
2795514,11-09-2021,Республика Бурятия,All,10.99,221.0,281.0,273.0,10.0,11,9,2021
2797779,02-09-2021,Республика Бурятия,All,12.57,235.0,256.0,253.0,10.0,2,9,2021
2797899,26-09-2021,Республика Бурятия,All,9.8,170.0,246.0,236.0,10.0,26,9,2021
2798886,16-09-2021,Республика Бурятия,РАЗВЛЕЧЕНИЯ,69.07,373.0,274.31,336.0,10.0,16,9,2021
2799683,12-09-2021,Республика Бурятия,All,10.93,177.0,226.0,220.0,10.0,12,9,2021
2807155,20-09-2021,Республика Бурятия,All,12.51,227.0,250.0,247.0,10.0,20,9,2021
2814157,24-09-2021,Республика Бурятия,All,9.4,183.0,277.0,265.0,10.0,24,9,2021
2814283,14-09-2021,Республика Бурятия,All,15.84,349.0,292.0,299.0,10.0,14,9,2021
2814406,04-09-2021,Республика Бурятия,СЕРВИС. УСЛУГИ,25.0,89.0,323.81,195.0,9.1,4,9,2021
2823976,08-09-2021,Республика Бурятия,All,12.58,225.0,246.0,243.0,10.0,8,9,2021
2829609,17-09-2021,Республика Бурятия,All,13.14,280.0,291.0,290.0,10.0,17,9,2021
2830867,25-09-2021,Республика Бурятия,All,9.82,196.0,283.0,271.0,10.0,25,9,2021
2832225,28-09-2021,Республика Бурятия,All,13.02,238.0,250.0,248.0,10.0,28,9,2021
2836106,23-09-2021,Республика Бурятия,All,11.49,207.0,251.0,245.0,10.0,23,9,2021
2840603,10-09-2021,Республика Бурятия,All,10.49,201.0,270.0,260.0,10.0,10,9,2021
2840848,21-09-2021,Республика Бурятия,All,13.26,230.0,237.0,236.0,10.0,21,9,2021
2845757,07-09-2021,Республика Бурятия,All,12.36,221.0,246.0,243.0,10.0,7,9,2021
2851258,01-09-2021,Республика Бурятия,All,10.04,186.0,262.0,251.0,10.0,1,9,2021
2856097,03-09-2021,Республика Бурятия,All,12.08,226.0,258.0,254.0,10.0,3,9,2021
2857342,30-09-2021,Республика Бурятия,All,16.46,331.0,264.0,273.0,10.0,30,9,2021
2860535,09-09-2021,Республика Бурятия,All,10.4,187.0,253.0,244.0,10.0,9,9,2021
2865129,13-09-2021,Республика Бурятия,All,12.95,229.0,242.0,241.0,10.0,13,9,2021
2866744,29-09-2021,Республика Бурятия,All,12.31,237.0,265.0,261.0,10.0,29,9,2021
2869142,27-09-2021,Республика Бурятия,All,11.73,211.0,249.0,244.0,10.0,27,9,2021
2871318,22-09-2021,Республика Бурятия,All,12.77,227.0,244.0,242.0,10.0,22,9,2021
2877457,04-09-2021,Республика Бурятия,All,9.26,176.0,271.0,258.0,10.0,4,9,2021
2877793,16-09-2021,Республика Бурятия,All,13.27,254.0,261.0,260.0,10.0,16,9,2021
2885036,19-09-2021,Республика Бурятия,All,9.36,152.0,231.0,220.0,10.0,19,9,2021
2894307,15-09-2021,Республика Бурятия,All,15.1,292.0,258.0,262.0,10.0,15,9,2021
2894657,06-09-2021,Республика Бурятия,All,12.29,216.0,242.0,239.0,10.0,6,9,2021
